,datetime,open,high,low,close,volume,adj_close,signal
2021-01-01 00:00:00,1609459200000,0.355,0.3627,0.3513,0.3605,1400327.27,0.3605,sell
2021-01-01 04:00:00,1609473600000,0.3607,0.3614,0.3547,0.3557,713456.4,0.3557,sell
2021-01-01 08:00:00,1609488000000,0.3559,0.3631,0.3509,0.3607,893074.28,0.3607,sell
2021-01-01 12:00:00,1609502400000,0.3605,0.3749,0.3605,0.3682,1806461.69,0.3682,sell
2021-01-01 16:00:00,1609516800000,0.3682,0.3714,0.3571,0.361,1639653.7,0.361,sell
2021-01-01 20:00:00,1609531200000,0.3607,0.3747,0.3603,0.3744,815147.45,0.3744,sell
2021-01-02 00:00:00,1609545600000,0.3744,0.3853,0.362,0.3817,2020206.67,0.3817,sell
2021-01-02 04:00:00,1609560000000,0.3817,0.397,0.3769,0.3826,2420879.54,0.3826,sell
2021-01-02 08:00:00,1609574400000,0.3825,0.385,0.3728,0.3771,1367973.45,0.3771,sell
2021-01-02 12:00:00,1609588800000,0.3774,0.3828,0.3678,0.3695,1940761.55,0.3695,sell
2021-01-02 16:00:00,1609603200000,0.3702,0.3747,0.3632,0.3695,2049335.37,0.3695,sell
2021-01-02 20:00:00,1609617600000,0.3694,0.37,0.3574,0.3604,1701328.72,0.3604,sell
2021-01-03 00:00:00,1609632000000,0.3603,0.3655,0.3573,0.3628,898900.29,0.3628,sell
2021-01-03 04:00:00,1609646400000,0.3622,0.378,0.3596,0.3718,2961023.06,0.3718,sell
2021-01-03 08:00:00,1609660800000,0.3718,0.3906,0.3672,0.3807,4108907.72,0.3807,sell
2021-01-03 12:00:00,1609675200000,0.3808,0.385,0.373,0.3778,3009852.28,0.3778,sell
2021-01-03 16:00:00,1609689600000,0.3782,0.3904,0.3723,0.3747,3059938.86,0.3747,sell
2021-01-03 20:00:00,1609704000000,0.3747,0.3955,0.3716,0.3923,2334448.94,0.3923,sell
2021-01-04 00:00:00,1609718400000,0.3923,0.4087,0.3894,0.3996,2885230.15,0.3996,sell
2021-01-04 04:00:00,1609732800000,0.3997,0.419,0.3785,0.3845,3871407.89,0.3845,sell
2021-01-04 08:00:00,1609747200000,0.3848,0.39,0.3638,0.3755,5634573.89,0.3755,sell
2021-01-04 12:00:00,1609761600000,0.3758,0.39,0.374,0.3878,1939884.07,0.3878,sell
2021-01-04 16:00:00,1609776000000,0.3878,0.3906,0.3769,0.3899,1381348.67,0.3899,sell
2021-01-04 20:00:00,1609790400000,0.3898,0.3966,0.3827,0.3948,2767813.38,0.3948,sell
2021-01-05 00:00:00,1609804800000,0.3952,0.4126,0.3893,0.3893,3971341.06,0.3893,sell
2021-01-05 04:00:00,1609819200000,0.3898,0.3993,0.3821,0.3866,2026122.19,0.3866,sell
2021-01-05 08:00:00,1609833600000,0.3873,0.4167,0.3873,0.4148,2727479.59,0.4148,sell
2021-01-05 12:00:00,1609848000000,0.4146,0.45,0.4074,0.4469,6481650.14,0.4469,sell
2021-01-05 16:00:00,1609862400000,0.4467,0.4508,0.4249,0.4374,4996144.99,0.4374,sell
2021-01-05 20:00:00,1609876800000,0.4373,0.4544,0.4285,0.4447,3942285.33,0.4447,buy
2021-01-06 00:00:00,1609891200000,0.4451,0.488,0.444,0.4603,7401843.19,0.4603,buy
2021-01-06 04:00:00,1609905600000,0.4599,0.488,0.4485,0.457,4394472.66,0.457,buy
2021-01-06 08:00:00,1609920000000,0.457,0.4759,0.4529,0.4663,3874282.49,0.4663,buy
2021-01-06 12:00:00,1609934400000,0.4666,0.4961,0.4639,0.4684,5930822.74,0.4684,buy
2021-01-06 16:00:00,1609948800000,0.4688,0.4773,0.445,0.448,4293522.55,0.448,buy
2021-01-06 20:00:00,1609963200000,0.448,0.4741,0.4302,0.4618,4075965.74,0.4618,buy
2021-01-07 00:00:00,1609977600000,0.4618,0.4811,0.4489,0.4754,2890035.33,0.4754,buy
2021-01-07 04:00:00,1609992000000,0.4754,0.4882,0.4649,0.4654,2920012.86,0.4654,buy
2021-01-07 08:00:00,1610006400000,0.4657,0.4899,0.4481,0.4775,4866646.2,0.4775,buy
2021-01-07 12:00:00,1610020800000,0.4779,0.49,0.4676,0.4799,2608888.71,0.4799,buy
2021-01-07 16:00:00,1610035200000,0.48,0.4821,0.4268,0.4544,3358603.29,0.4544,buy
2021-01-07 20:00:00,1610049600000,0.4544,0.4564,0.4328,0.4386,2562439.97,0.4386,buy
2021-01-08 00:00:00,1610064000000,0.439,0.4594,0.4,0.4268,4416619.73,0.4268,buy
2021-01-08 04:00:00,1610078400000,0.4267,0.4446,0.4179,0.4443,1547506.98,0.4443,buy
2021-01-08 08:00:00,1610092800000,0.4437,0.4602,0.4365,0.4521,2331657.19,0.4521,buy
2021-01-08 12:00:00,1610107200000,0.4521,0.4543,0.4306,0.4434,3203556.45,0.4434,buy
2021-01-08 16:00:00,1610121600000,0.4447,0.4498,0.4337,0.4342,1609648.75,0.4342,buy
2021-01-08 20:00:00,1610136000000,0.434,0.4406,0.4182,0.44,2567608.05,0.44,buy
2021-01-09 00:00:00,1610150400000,0.44,0.4508,0.4255,0.4504,1995107.48,0.4504,buy
2021-01-09 04:00:00,1610164800000,0.4502,0.4645,0.4419,0.4562,2687262.31,0.4562,buy
2021-01-09 08:00:00,1610179200000,0.4563,0.4779,0.4503,0.4692,2473369.11,0.4692,buy
2021-01-09 12:00:00,1610193600000,0.47,0.5419,0.4678,0.5317,10836777.15,0.5317,buy
2021-01-09 16:00:00,1610208000000,0.5322,0.62,0.5231,0.5467,34340884.74,0.5467,buy
2021-01-09 20:00:00,1610222400000,0.547,0.5742,0.534,0.5405,7174731.72,0.5405,buy
2021-01-10 00:00:00,1610236800000,0.5405,0.585,0.5328,0.5457,6444329.46,0.5457,buy
2021-01-10 04:00:00,1610251200000,0.546,0.5555,0.529,0.5503,4114946.42,0.5503,buy
2021-01-10 08:00:00,1610265600000,0.5504,0.5714,0.4965,0.5097,9367202.99,0.5097,buy
2021-01-10 12:00:00,1610280000000,0.5097,0.534,0.498,0.5094,5188581.56,0.5094,buy
2021-01-10 16:00:00,1610294400000,0.5092,0.5104,0.4765,0.4838,4286698.12,0.4838,buy
2021-01-10 20:00:00,1610308800000,0.484,0.534,0.4585,0.5276,7723029.23,0.5276,buy
2021-01-11 00:00:00,1610323200000,0.5281,0.529,0.4325,0.4616,5450985.51,0.4616,sell
2021-01-11 04:00:00,1610337600000,0.4618,0.47,0.425,0.45,3684422.54,0.45,sell
2021-01-11 08:00:00,1610352000000,0.45,0.4781,0.4463,0.4508,2815617.24,0.4508,sell
2021-01-11 12:00:00,1610366400000,0.4512,0.4554,0.3962,0.411,5336973.98,0.411,sell
2021-01-11 16:00:00,1610380800000,0.4112,0.4184,0.3814,0.4064,4783607.62,0.4064,sell
2021-01-11 20:00:00,1610395200000,0.406,0.4379,0.3996,0.4365,1792662.89,0.4365,sell
2021-01-12 00:00:00,1610409600000,0.4362,0.4428,0.4162,0.4378,1933819.0,0.4378,sell
2021-01-12 04:00:00,1610424000000,0.4383,0.4607,0.4327,0.4552,2778152.16,0.4552,sell
2021-01-12 08:00:00,1610438400000,0.4558,0.4559,0.4252,0.4331,2156584.16,0.4331,sell
2021-01-12 12:00:00,1610452800000,0.4331,0.439,0.41,0.427,2244909.41,0.427,sell
2021-01-12 16:00:00,1610467200000,0.4273,0.4459,0.4254,0.4311,2284238.35,0.4311,sell
2021-01-12 20:00:00,1610481600000,0.4307,0.4362,0.4202,0.4272,1876333.57,0.4272,sell
2021-01-13 00:00:00,1610496000000,0.4281,0.4686,0.4281,0.4556,7911212.76,0.4556,sell
2021-01-13 04:00:00,1610510400000,0.4557,0.4653,0.4398,0.4623,1669195.37,0.4623,sell
2021-01-13 08:00:00,1610524800000,0.4618,0.5022,0.4585,0.4814,4350971.26,0.4814,buy
2021-01-13 12:00:00,1610539200000,0.4818,0.541,0.475,0.5176,14989962.1,0.5176,buy
2021-01-13 16:00:00,1610553600000,0.5183,0.5235,0.5004,0.5067,4438943.59,0.5067,buy
2021-01-13 20:00:00,1610568000000,0.5072,0.5234,0.5014,0.506,3285213.59,0.506,buy
2021-01-14 00:00:00,1610582400000,0.5053,0.5079,0.484,0.4863,2809780.34,0.4863,buy
2021-01-14 04:00:00,1610596800000,0.4852,0.4988,0.4804,0.4939,1754965.64,0.4939,buy
2021-01-14 08:00:00,1610611200000,0.4939,0.5015,0.4832,0.4971,1711686.92,0.4971,buy
2021-01-14 12:00:00,1610625600000,0.4971,0.5229,0.4916,0.5132,3304971.89,0.5132,buy
2021-01-14 16:00:00,1610640000000,0.5141,0.5193,0.5005,0.5115,2255729.15,0.5115,buy
2021-01-14 20:00:00,1610654400000,0.5117,0.5118,0.4833,0.504,2216950.53,0.504,buy
2021-01-15 00:00:00,1610668800000,0.5044,0.5241,0.4891,0.4946,3694450.39,0.4946,buy
2021-01-15 04:00:00,1610683200000,0.4944,0.5036,0.4833,0.4999,2501275.34,0.4999,buy
2021-01-15 08:00:00,1610697600000,0.4999,0.5419,0.497,0.5306,5627743.9,0.5306,buy
2021-01-15 12:00:00,1610712000000,0.5308,0.5588,0.483,0.4886,8551503.23,0.4886,buy
2021-01-15 16:00:00,1610726400000,0.4907,0.5033,0.4601,0.4851,3614860.11,0.4851,buy
2021-01-15 20:00:00,1610740800000,0.485,0.52,0.4812,0.5154,2205166.63,0.5154,buy
2021-01-16 00:00:00,1610755200000,0.5158,0.5389,0.5158,0.535,4240250.56,0.535,buy
2021-01-16 04:00:00,1610769600000,0.5359,0.5523,0.5245,0.5441,4361845.77,0.5441,buy
2021-01-16 08:00:00,1610784000000,0.5441,0.5625,0.536,0.5618,2778540.75,0.5618,buy
2021-01-16 12:00:00,1610798400000,0.5622,0.5657,0.5399,0.5534,3843302.14,0.5534,buy
2021-01-16 16:00:00,1610812800000,0.5538,0.5565,0.5214,0.5295,2549799.56,0.5295,buy
2021-01-16 20:00:00,1610827200000,0.5293,0.536,0.5013,0.5272,2567321.83,0.5272,buy
2021-01-17 00:00:00,1610841600000,0.5272,0.5691,0.5166,0.5628,4987669.48,0.5628,buy
2021-01-17 04:00:00,1610856000000,0.563,0.57,0.5186,0.5221,4263035.05,0.5221,buy
2021-01-17 08:00:00,1610870400000,0.5222,0.56,0.5106,0.5509,3983797.26,0.5509,buy
2021-01-17 12:00:00,1610884800000,0.551,0.6083,0.5311,0.5917,6987245.63,0.5917,buy
2021-01-17 16:00:00,1610899200000,0.5917,0.6141,0.5752,0.5813,5690015.37,0.5813,buy
2021-01-17 20:00:00,1610913600000,0.5817,0.631,0.5808,0.5942,4878823.09,0.5942,buy
2021-01-18 00:00:00,1610928000000,0.5942,0.6093,0.565,0.5725,3737237.5,0.5725,buy
2021-01-18 04:00:00,1610942400000,0.5721,0.6077,0.5698,0.6,2259198.72,0.6,buy
2021-01-18 08:00:00,1610956800000,0.5995,0.629,0.5951,0.6068,3645928.88,0.6068,buy
2021-01-18 12:00:00,1610971200000,0.6067,0.6094,0.5861,0.6008,2976101.34,0.6008,buy
2021-01-18 16:00:00,1610985600000,0.601,0.6074,0.5835,0.5868,1749988.81,0.5868,buy
2021-01-18 20:00:00,1611000000000,0.587,0.5934,0.5798,0.5847,1162837.39,0.5847,buy
2021-01-19 00:00:00,1611014400000,0.5847,0.5999,0.5762,0.5843,2832316.41,0.5843,buy
2021-01-19 04:00:00,1611028800000,0.5845,0.5863,0.5588,0.5712,2095233.73,0.5712,buy
2021-01-19 08:00:00,1611043200000,0.5713,0.583,0.5686,0.5819,1662669.86,0.5819,buy
2021-01-19 12:00:00,1611057600000,0.5819,0.5822,0.5685,0.5729,1611357.86,0.5729,buy
2021-01-19 16:00:00,1611072000000,0.5729,0.5746,0.5446,0.5471,2337616.85,0.5471,sell
2021-01-19 20:00:00,1611086400000,0.5467,0.5685,0.5385,0.5422,2817041.18,0.5422,sell
2021-01-20 00:00:00,1611100800000,0.5413,0.5589,0.5276,0.53,3385680.92,0.53,sell
2021-01-20 04:00:00,1611115200000,0.5304,0.5436,0.5239,0.5408,1773828.36,0.5408,sell
2021-01-20 08:00:00,1611129600000,0.5407,0.5433,0.5009,0.5069,2343909.98,0.5069,sell
2021-01-20 12:00:00,1611144000000,0.5067,0.5267,0.4979,0.5123,1800150.96,0.5123,sell
2021-01-20 16:00:00,1611158400000,0.512,0.542,0.5011,0.5393,2294794.76,0.5393,sell
2021-01-20 20:00:00,1611172800000,0.5409,0.5608,0.5303,0.5582,1929359.86,0.5582,sell
2021-01-21 00:00:00,1611187200000,0.5583,0.5619,0.5286,0.531,1569058.23,0.531,sell
2021-01-21 04:00:00,1611201600000,0.5305,0.5427,0.5194,0.5407,1279999.92,0.5407,sell
2021-01-21 08:00:00,1611216000000,0.5415,0.5421,0.4985,0.5022,2885066.21,0.5022,sell
2021-01-21 12:00:00,1611230400000,0.5019,0.5131,0.4874,0.4951,2509414.51,0.4951,sell
2021-01-21 16:00:00,1611244800000,0.4945,0.5034,0.4792,0.5027,1687268.56,0.5027,sell
2021-01-21 20:00:00,1611259200000,0.5013,0.5016,0.4579,0.465,2779887.99,0.465,sell
2021-01-22 00:00:00,1611273600000,0.4651,0.4791,0.4337,0.477,3795230.72,0.477,sell
2021-01-22 04:00:00,1611288000000,0.4766,0.49,0.4712,0.4803,1489355.55,0.4803,sell
2021-01-22 08:00:00,1611302400000,0.4819,0.495,0.4733,0.4935,1502561.93,0.4935,sell
2021-01-22 12:00:00,1611316800000,0.4945,0.5172,0.4945,0.5118,1706705.29,0.5118,sell
2021-01-22 16:00:00,1611331200000,0.5119,0.5353,0.5065,0.5306,2166834.79,0.5306,sell
2021-01-22 20:00:00,1611345600000,0.5306,0.5314,0.5066,0.5106,1465081.65,0.5106,sell
2021-01-23 00:00:00,1611360000000,0.51,0.5219,0.5034,0.5213,1356049.96,0.5213,sell
2021-01-23 04:00:00,1611374400000,0.5205,0.5321,0.5189,0.5307,1241548.79,0.5307,sell
2021-01-23 08:00:00,1611388800000,0.5311,0.5335,0.4973,0.4997,1552389.87,0.4997,sell
2021-01-23 12:00:00,1611403200000,0.4997,0.526,0.4975,0.5197,2052716.48,0.5197,sell
2021-01-23 16:00:00,1611417600000,0.5191,0.5337,0.5159,0.5317,1527465.62,0.5317,buy
2021-01-23 20:00:00,1611432000000,0.533,0.5799,0.5304,0.562,4649357.86,0.562,buy
2021-01-24 00:00:00,1611446400000,0.562,0.572,0.543,0.5513,3205644.37,0.5513,buy
2021-01-24 04:00:00,1611460800000,0.5516,0.5757,0.5499,0.5644,2773474.45,0.5644,buy
2021-01-24 08:00:00,1611475200000,0.5648,0.5748,0.561,0.5737,1074105.9,0.5737,buy
2021-01-24 12:00:00,1611489600000,0.5736,0.5739,0.5377,0.5501,2797655.02,0.5501,buy
2021-01-24 16:00:00,1611504000000,0.5502,0.552,0.5226,0.5287,2102202.48,0.5287,buy
2021-01-24 20:00:00,1611518400000,0.5279,0.5484,0.5269,0.5483,1394065.92,0.5483,buy
2021-01-25 00:00:00,1611532800000,0.5482,0.5607,0.5464,0.5547,2169033.89,0.5547,buy
2021-01-25 04:00:00,1611547200000,0.555,0.5643,0.5487,0.5579,1710437.57,0.5579,buy
2021-01-25 08:00:00,1611561600000,0.5583,0.561,0.5429,0.555,1388716.44,0.555,buy
2021-01-25 12:00:00,1611576000000,0.5554,0.5611,0.5458,0.5518,1694584.42,0.5518,buy
2021-01-25 16:00:00,1611590400000,0.5519,0.5532,0.5313,0.5335,1436739.11,0.5335,buy
2021-01-25 20:00:00,1611604800000,0.5336,0.5342,0.5134,0.5207,1813942.28,0.5207,sell
2021-01-26 00:00:00,1611619200000,0.5208,0.532,0.5091,0.5119,1532883.9,0.5119,sell
2021-01-26 04:00:00,1611633600000,0.5118,0.5215,0.5067,0.5142,922879.38,0.5142,sell
2021-01-26 08:00:00,1611648000000,0.5143,0.53,0.5099,0.52,1103714.8,0.52,sell
2021-01-26 12:00:00,1611662400000,0.5193,0.5217,0.4957,0.5057,1522166.72,0.5057,sell
2021-01-26 16:00:00,1611676800000,0.5057,0.538,0.5001,0.5288,3356380.24,0.5288,buy
2021-01-26 20:00:00,1611691200000,0.5294,0.5524,0.5289,0.5435,2922790.42,0.5435,buy
2021-01-27 00:00:00,1611705600000,0.5433,0.6022,0.5364,0.5762,8120700.65,0.5762,buy
2021-01-27 04:00:00,1611720000000,0.576,0.5854,0.5592,0.5803,3765305.44,0.5803,buy
2021-01-27 08:00:00,1611734400000,0.58,0.5803,0.5301,0.5306,4891812.87,0.5306,sell
2021-01-27 12:00:00,1611748800000,0.5311,0.5468,0.5098,0.5448,4659571.24,0.5448,buy
2021-01-27 16:00:00,1611763200000,0.545,0.5641,0.5401,0.5517,3872168.25,0.5517,buy
2021-01-27 20:00:00,1611777600000,0.5515,0.5985,0.548,0.5832,6199755.58,0.5832,buy
2021-01-28 00:00:00,1611792000000,0.583,0.6273,0.5773,0.6096,8204969.05,0.6096,buy
2021-01-28 04:00:00,1611806400000,0.6095,0.629,0.5907,0.6004,4928667.47,0.6004,buy
2021-01-28 08:00:00,1611820800000,0.6004,0.6088,0.5834,0.5918,2783060.67,0.5918,buy
2021-01-28 12:00:00,1611835200000,0.5917,0.6573,0.5872,0.6478,8156959.99,0.6478,buy
2021-01-28 16:00:00,1611849600000,0.6476,0.6778,0.6308,0.6533,6441258.8,0.6533,buy
2021-01-28 20:00:00,1611864000000,0.6534,0.6675,0.6011,0.6086,7435081.52,0.6086,buy
2021-01-29 00:00:00,1611878400000,0.6082,0.6222,0.5871,0.5917,4603825.45,0.5917,buy
2021-01-29 04:00:00,1611892800000,0.5919,0.6083,0.5791,0.5967,4517466.13,0.5967,buy
2021-01-29 08:00:00,1611907200000,0.5969,0.6113,0.5806,0.6067,3838671.89,0.6067,buy
2021-01-29 12:00:00,1611921600000,0.6062,0.6128,0.58,0.5923,5018654.46,0.5923,buy
2021-01-29 16:00:00,1611936000000,0.5927,0.6117,0.5735,0.5931,3499159.71,0.5931,buy
2021-01-29 20:00:00,1611950400000,0.5933,0.6101,0.591,0.6009,1855075.73,0.6009,buy
2021-01-30 00:00:00,1611964800000,0.6009,0.6048,0.583,0.5835,1371030.68,0.5835,buy
2021-01-30 04:00:00,1611979200000,0.5834,0.5894,0.5763,0.5857,1590137.33,0.5857,buy
2021-01-30 08:00:00,1611993600000,0.5863,0.5993,0.5843,0.5921,1406162.32,0.5921,buy
2021-01-30 12:00:00,1612008000000,0.5913,0.6405,0.5891,0.6196,3740312.63,0.6196,buy
2021-01-30 16:00:00,1612022400000,0.6196,0.6236,0.6008,0.6178,2853940.7,0.6178,buy
2021-01-30 20:00:00,1612036800000,0.6182,0.659,0.6182,0.6542,4444195.71,0.6542,buy
2021-01-31 00:00:00,1612051200000,0.654,0.8,0.6276,0.7119,40722449.59,0.7119,buy
2021-01-31 04:00:00,1612065600000,0.7129,0.7366,0.6757,0.6821,9451611.83,0.6821,buy
2021-01-31 08:00:00,1612080000000,0.682,0.7033,0.6584,0.6901,5784203.77,0.6901,buy
2021-01-31 12:00:00,1612094400000,0.6898,0.7397,0.6494,0.6672,9679531.02,0.6672,buy
2021-01-31 16:00:00,1612108800000,0.6681,0.6823,0.6453,0.6577,3895377.15,0.6577,buy
2021-01-31 20:00:00,1612123200000,0.6568,0.7078,0.6424,0.7064,3896142.38,0.7064,buy
2021-02-01 00:00:00,1612137600000,0.7064,0.7085,0.667,0.6712,3190084.0,0.6712,buy
2021-02-01 04:00:00,1612152000000,0.6716,0.6776,0.6517,0.665,2077426.36,0.665,buy
2021-02-01 08:00:00,1612166400000,0.6649,0.6671,0.648,0.6545,2554239.92,0.6545,buy
2021-02-01 12:00:00,1612180800000,0.6545,0.6713,0.6426,0.6559,2457743.24,0.6559,buy
2021-02-01 16:00:00,1612195200000,0.6558,0.6973,0.6558,0.6934,2294557.99,0.6934,buy
2021-02-01 20:00:00,1612209600000,0.6932,0.6941,0.6816,0.6865,1158133.07,0.6865,buy
2021-02-02 00:00:00,1612224000000,0.6865,0.6931,0.6647,0.6677,1848731.59,0.6677,buy
2021-02-02 04:00:00,1612238400000,0.6678,0.6861,0.666,0.6804,1302309.46,0.6804,buy
2021-02-02 08:00:00,1612252800000,0.6809,0.6848,0.668,0.6732,1638460.84,0.6732,buy
2021-02-02 12:00:00,1612267200000,0.6724,0.6765,0.6663,0.6737,1375178.7,0.6737,buy
2021-02-02 16:00:00,1612281600000,0.674,0.674,0.6581,0.6647,1734143.83,0.6647,buy
2021-02-02 20:00:00,1612296000000,0.6647,0.6848,0.6623,0.6837,1179186.16,0.6837,buy
2021-02-03 00:00:00,1612310400000,0.6836,0.6897,0.6705,0.6775,1403322.09,0.6775,buy
2021-02-03 04:00:00,1612324800000,0.678,0.7016,0.6738,0.7002,1722136.52,0.7002,buy
2021-02-03 08:00:00,1612339200000,0.7,0.7162,0.689,0.706,2508903.12,0.706,buy
2021-02-03 12:00:00,1612353600000,0.7049,0.7112,0.6916,0.7043,2387469.09,0.7043,buy
2021-02-03 16:00:00,1612368000000,0.7041,0.7435,0.6936,0.7152,3305605.92,0.7152,buy
2021-02-03 20:00:00,1612382400000,0.7152,0.77,0.7115,0.7658,2720369.14,0.7658,buy
2021-02-04 00:00:00,1612396800000,0.7669,0.7877,0.7425,0.7484,5363055.49,0.7484,buy
2021-02-04 04:00:00,1612411200000,0.7481,0.8269,0.7386,0.7778,5898542.2,0.7778,buy
2021-02-04 08:00:00,1612425600000,0.7781,0.8061,0.7161,0.7673,5306249.92,0.7673,buy
2021-02-04 12:00:00,1612440000000,0.7671,0.8671,0.7623,0.8215,10273306.51,0.8215,buy
2021-02-04 16:00:00,1612454400000,0.8208,0.9887,0.8206,0.9783,18543053.56,0.9783,buy
2021-02-04 20:00:00,1612468800000,0.9783,1.1653,0.918,1.0351,51558635.44,1.0351,buy
2021-02-05 00:00:00,1612483200000,1.0339,1.3495,1.0011,1.2027,43057027.34,1.2027,buy
2021-02-05 04:00:00,1612497600000,1.2014,1.4899,1.1881,1.3921,38327433.16,1.3921,buy
2021-02-05 08:00:00,1612512000000,1.3921,1.427,1.2759,1.341,27965478.39,1.341,buy
2021-02-05 12:00:00,1612526400000,1.34,1.99,1.3303,1.7059,75129946.41,1.7059,buy
2021-02-05 16:00:00,1612540800000,1.7059,1.8807,1.5024,1.6499,44360986.44,1.6499,buy
2021-02-05 20:00:00,1612555200000,1.6499,1.79,1.5193,1.5939,25386906.3,1.5939,buy
2021-02-06 00:00:00,1612569600000,1.5915,1.674,1.3443,1.434,25450981.09,1.434,buy
2021-02-06 04:00:00,1612584000000,1.4326,1.4969,1.3808,1.4206,11921520.43,1.4206,buy
2021-02-06 08:00:00,1612598400000,1.4204,1.667,1.3795,1.4917,23803469.08,1.4917,buy
2021-02-06 12:00:00,1612612800000,1.4926,1.5258,1.4,1.4208,9464051.77,1.4208,buy
2021-02-06 16:00:00,1612627200000,1.4199,1.489,1.3918,1.48,6452837.9,1.48,buy
2021-02-06 20:00:00,1612641600000,1.4799,1.55,1.4328,1.4509,7170898.93,1.4509,buy
2021-02-07 00:00:00,1612656000000,1.4498,1.5009,1.3146,1.3383,8617765.36,1.3383,buy
2021-02-07 04:00:00,1612670400000,1.3366,1.3618,1.2561,1.3553,7591578.39,1.3553,buy
2021-02-07 08:00:00,1612684800000,1.3553,1.4215,1.3264,1.365,7651879.53,1.365,buy
2021-02-07 12:00:00,1612699200000,1.366,1.438,1.2797,1.3125,7024160.63,1.3125,buy
2021-02-07 16:00:00,1612713600000,1.3112,1.42,1.26,1.381,5953756.46,1.381,buy
2021-02-07 20:00:00,1612728000000,1.3819,1.44,1.3537,1.4099,4341911.27,1.4099,buy
2021-02-08 00:00:00,1612742400000,1.4104,1.6432,1.4096,1.5378,16363814.17,1.5378,buy
2021-02-08 04:00:00,1612756800000,1.5381,1.666,1.5166,1.5614,10825423.21,1.5614,buy
2021-02-08 08:00:00,1612771200000,1.5591,1.6198,1.4983,1.5246,6322376.08,1.5246,buy
2021-02-08 12:00:00,1612785600000,1.5244,1.5725,1.4099,1.5501,10164780.86,1.5501,buy
2021-02-08 16:00:00,1612800000000,1.5505,1.584,1.5113,1.5317,4385851.83,1.5317,buy
2021-02-08 20:00:00,1612814400000,1.5307,1.5518,1.4016,1.4689,5426775.16,1.4689,buy
2021-02-09 00:00:00,1612828800000,1.4699,1.4897,1.4257,1.4836,5225114.62,1.4836,buy
2021-02-09 04:00:00,1612843200000,1.4836,1.5852,1.47,1.496,7317402.65,1.496,buy
2021-02-09 08:00:00,1612857600000,1.4981,1.5527,1.473,1.5067,5121360.78,1.5067,buy
2021-02-09 12:00:00,1612872000000,1.5067,1.546,1.4475,1.4954,5148799.06,1.4954,buy
2021-02-09 16:00:00,1612886400000,1.4952,1.5511,1.4675,1.5268,6203565.07,1.5268,buy
2021-02-09 20:00:00,1612900800000,1.5271,1.5773,1.5054,1.5111,5079660.21,1.5111,buy
2021-02-10 00:00:00,1612915200000,1.5103,1.565,1.4764,1.5452,6673100.25,1.5452,buy
2021-02-10 04:00:00,1612929600000,1.5453,1.645,1.4992,1.6116,7107041.9,1.6116,buy
2021-02-10 08:00:00,1612944000000,1.6109,1.6346,1.5311,1.5562,6860709.96,1.5562,buy
2021-02-10 12:00:00,1612958400000,1.5577,1.5591,1.3613,1.4463,12771839.55,1.4463,sell
2021-02-10 16:00:00,1612972800000,1.4465,1.4984,1.4188,1.4898,3878208.54,1.4898,buy
2021-02-10 20:00:00,1612987200000,1.4886,1.5199,1.4514,1.4998,1856599.65,1.4998,buy
2021-02-11 00:00:00,1613001600000,1.5003,1.5092,1.4587,1.4998,1651527.1,1.4998,buy
2021-02-11 04:00:00,1613016000000,1.5005,1.5594,1.4988,1.529,2803667.45,1.529,buy
2021-02-11 08:00:00,1613030400000,1.5288,1.6126,1.5055,1.5537,5228265.12,1.5537,buy
2021-02-11 12:00:00,1613044800000,1.554,1.61,1.5209,1.5769,5013466.87,1.5769,buy
2021-02-11 16:00:00,1613059200000,1.5782,1.7833,1.5352,1.7504,13100158.22,1.7504,buy
2021-02-11 20:00:00,1613073600000,1.7503,1.8341,1.6549,1.7619,13136613.99,1.7619,buy
2021-02-12 00:00:00,1613088000000,1.7682,2.036,1.725,1.7808,16226762.14,1.7808,buy
2021-02-12 04:00:00,1613102400000,1.7821,1.8762,1.7267,1.8362,7745816.59,1.8362,buy
2021-02-12 08:00:00,1613116800000,1.8372,1.95,1.7974,1.8213,6403702.63,1.8213,buy
2021-02-12 12:00:00,1613131200000,1.8213,1.8578,1.707,1.816,6344176.59,1.816,buy
2021-02-12 16:00:00,1613145600000,1.8184,1.8363,1.7368,1.7623,4077780.24,1.7623,buy
2021-02-12 20:00:00,1613160000000,1.7624,1.8451,1.747,1.8037,3652267.0,1.8037,buy
2021-02-13 00:00:00,1613174400000,1.8053,1.8625,1.7631,1.8434,3383247.87,1.8434,buy
2021-02-13 04:00:00,1613188800000,1.8415,1.9308,1.7835,1.7991,5239694.69,1.7991,buy
2021-02-13 08:00:00,1613203200000,1.798,1.8593,1.6467,1.7527,5072101.67,1.7527,buy
2021-02-13 12:00:00,1613217600000,1.7527,1.8488,1.7152,1.8218,2654296.17,1.8218,buy
2021-02-13 16:00:00,1613232000000,1.8261,1.8393,1.7571,1.7648,2223918.38,1.7648,buy
2021-02-13 20:00:00,1613246400000,1.7653,1.9075,1.7331,1.8912,3374127.25,1.8912,buy
2021-02-14 00:00:00,1613260800000,1.8912,2.01,1.8237,1.8367,7120207.41,1.8367,buy
2021-02-14 04:00:00,1613275200000,1.836,1.8719,1.768,1.8301,2823321.79,1.8301,buy
2021-02-14 08:00:00,1613289600000,1.8327,1.8887,1.7849,1.8264,2350211.64,1.8264,buy
2021-02-14 12:00:00,1613304000000,1.8241,1.8345,1.6874,1.7052,5273925.92,1.7052,buy
2021-02-14 16:00:00,1613318400000,1.7052,1.7611,1.6739,1.7421,3197139.34,1.7421,buy
2021-02-14 20:00:00,1613332800000,1.7401,1.908,1.7301,1.7952,5312321.53,1.7952,buy
2021-02-15 00:00:00,1613347200000,1.792,1.8179,1.4102,1.5892,6408801.7,1.5892,sell
2021-02-15 04:00:00,1613361600000,1.5885,1.6867,1.4819,1.66,3257406.15,1.66,sell
2021-02-15 08:00:00,1613376000000,1.662,1.7268,1.6224,1.7064,2233646.36,1.7064,sell
2021-02-15 12:00:00,1613390400000,1.7074,1.735,1.6726,1.7325,1603052.01,1.7325,buy
2021-02-15 16:00:00,1613404800000,1.7329,1.7549,1.705,1.71,1572960.18,1.71,sell
2021-02-15 20:00:00,1613419200000,1.7101,1.713,1.5701,1.6186,2727249.56,1.6186,sell
2021-02-16 00:00:00,1613433600000,1.6194,1.69,1.5634,1.6608,1708485.61,1.6608,sell
2021-02-16 04:00:00,1613448000000,1.663,1.663,1.609,1.6441,1931777.77,1.6441,sell
2021-02-16 08:00:00,1613462400000,1.6447,1.7118,1.62,1.6311,2108928.64,1.6311,sell
2021-02-16 12:00:00,1613476800000,1.6295,1.6729,1.5415,1.6034,4511306.99,1.6034,sell
2021-02-16 16:00:00,1613491200000,1.6016,1.6175,1.5231,1.5483,2825864.4,1.5483,sell
2021-02-16 20:00:00,1613505600000,1.5473,1.587,1.5007,1.5848,2116262.42,1.5848,sell
2021-02-17 00:00:00,1613520000000,1.587,1.595,1.4569,1.4686,3552600.67,1.4686,sell
2021-02-17 04:00:00,1613534400000,1.4683,1.5128,1.419,1.505,4168032.29,1.505,sell
2021-02-17 08:00:00,1613548800000,1.5033,1.5488,1.4671,1.535,2589786.92,1.535,sell
2021-02-17 12:00:00,1613563200000,1.5354,1.5932,1.5128,1.5505,2595073.74,1.5505,sell
2021-02-17 16:00:00,1613577600000,1.5498,1.6023,1.5328,1.569,2315369.36,1.569,sell
2021-02-17 20:00:00,1613592000000,1.57,1.5921,1.5457,1.5649,1451127.04,1.5649,sell
2021-02-18 00:00:00,1613606400000,1.5658,1.6349,1.5634,1.5943,2270885.92,1.5943,sell
2021-02-18 04:00:00,1613620800000,1.5944,1.619,1.5726,1.5898,1248293.46,1.5898,sell
2021-02-18 08:00:00,1613635200000,1.5892,1.5999,1.5319,1.55,1672634.1,1.55,sell
2021-02-18 12:00:00,1613649600000,1.5492,1.5768,1.5153,1.542,2232849.67,1.542,sell
2021-02-18 16:00:00,1613664000000,1.541,1.5999,1.5382,1.5551,1759465.78,1.5551,sell
2021-02-18 20:00:00,1613678400000,1.555,1.6225,1.5471,1.6107,1614917.66,1.6107,sell
2021-02-19 00:00:00,1613692800000,1.611,1.6368,1.5061,1.5406,2265466.84,1.5406,sell
2021-02-19 04:00:00,1613707200000,1.5413,1.5769,1.5076,1.5599,1917014.0,1.5599,sell
2021-02-19 08:00:00,1613721600000,1.5627,1.582,1.5284,1.5708,1484711.91,1.5708,sell
2021-02-19 12:00:00,1613736000000,1.5707,1.5973,1.5492,1.5523,1934461.89,1.5523,sell
2021-02-19 16:00:00,1613750400000,1.5531,1.5632,1.515,1.5182,1209511.42,1.5182,sell
2021-02-19 20:00:00,1613764800000,1.5202,1.5685,1.519,1.5594,1951744.42,1.5594,sell
2021-02-20 00:00:00,1613779200000,1.56,1.604,1.5149,1.5857,3859404.69,1.5857,sell
2021-02-20 04:00:00,1613793600000,1.5846,1.65,1.5748,1.5879,2375625.37,1.5879,buy
2021-02-20 08:00:00,1613808000000,1.5899,1.6976,1.5827,1.6405,3459808.25,1.6405,buy
2021-02-20 12:00:00,1613822400000,1.6408,1.6498,1.5406,1.561,3507565.03,1.561,sell
2021-02-20 16:00:00,1613836800000,1.5673,1.6479,1.5628,1.6045,2726880.29,1.6045,buy
2021-02-20 20:00:00,1613851200000,1.6045,1.6065,1.4531,1.5306,3048418.09,1.5306,sell
2021-02-21 00:00:00,1613865600000,1.5286,1.5941,1.487,1.5685,2187140.09,1.5685,buy
2021-02-21 04:00:00,1613880000000,1.5688,1.5839,1.5311,1.5377,1564661.14,1.5377,sell
2021-02-21 08:00:00,1613894400000,1.5366,1.6336,1.5329,1.6047,2243038.2,1.6047,buy
2021-02-21 12:00:00,1613908800000,1.6057,1.609,1.5563,1.5631,2065989.27,1.5631,buy
2021-02-21 16:00:00,1613923200000,1.5645,1.6333,1.55,1.6333,1846897.81,1.6333,buy
2021-02-21 20:00:00,1613937600000,1.6333,1.755,1.5645,1.7232,6897818.72,1.7232,buy
2021-02-22 00:00:00,1613952000000,1.7249,1.8651,1.6073,1.774,9154556.84,1.774,buy
2021-02-22 04:00:00,1613966400000,1.7733,1.9218,1.7485,1.776,10966733.57,1.776,buy
2021-02-22 08:00:00,1613980800000,1.7766,1.8065,1.6113,1.6559,6862281.28,1.6559,buy
2021-02-22 12:00:00,1613995200000,1.6559,1.6612,1.293,1.5382,11101946.85,1.5382,sell
2021-02-22 16:00:00,1614009600000,1.5382,1.5751,1.413,1.5244,4626874.99,1.5244,sell
2021-02-22 20:00:00,1614024000000,1.5219,1.5649,1.4745,1.563,2667383.63,1.563,sell
2021-02-23 00:00:00,1614038400000,1.5634,1.9199,1.5634,1.6463,27921250.37,1.6463,buy
2021-02-23 04:00:00,1614052800000,1.6454,1.6622,1.45,1.5085,7584214.52,1.5085,sell
2021-02-23 08:00:00,1614067200000,1.5112,1.5251,1.192,1.3358,11943528.05,1.3358,sell
2021-02-23 12:00:00,1614081600000,1.3344,1.6858,1.2804,1.5721,10659714.73,1.5721,sell
2021-02-23 16:00:00,1614096000000,1.5763,1.6084,1.3702,1.3702,5026889.87,1.3702,sell
2021-02-23 20:00:00,1614110400000,1.3741,1.6309,1.365,1.5769,3908236.04,1.5769,buy
2021-02-24 00:00:00,1614124800000,1.578,1.6512,1.45,1.6417,6376698.3,1.6417,buy
2021-02-24 04:00:00,1614139200000,1.6428,1.6695,1.4823,1.5139,4183618.33,1.5139,sell
2021-02-24 08:00:00,1614153600000,1.5124,1.6126,1.5036,1.553,4476171.84,1.553,sell
2021-02-24 12:00:00,1614168000000,1.5548,1.6111,1.4551,1.5101,5500809.24,1.5101,sell
2021-02-24 16:00:00,1614182400000,1.5119,1.5417,1.4624,1.4696,2766644.12,1.4696,sell
2021-02-24 20:00:00,1614196800000,1.4685,1.5321,1.421,1.5267,2911514.52,1.5267,sell
2021-02-25 00:00:00,1614211200000,1.5268,1.548,1.4631,1.4813,2095952.11,1.4813,sell
2021-02-25 04:00:00,1614225600000,1.4813,1.5061,1.46,1.4666,3197895.6,1.4666,sell
2021-02-25 08:00:00,1614240000000,1.4662,1.4911,1.422,1.4845,2914795.3,1.4845,sell
2021-02-25 12:00:00,1614254400000,1.4827,1.5844,1.476,1.5825,2781042.73,1.5825,buy
2021-02-25 16:00:00,1614268800000,1.5819,1.5875,1.4834,1.5203,2261561.57,1.5203,sell
2021-02-25 20:00:00,1614283200000,1.5202,1.5229,1.3744,1.3959,2698408.35,1.3959,sell
2021-02-26 00:00:00,1614297600000,1.3957,1.4161,1.308,1.3636,4825472.14,1.3636,sell
2021-02-26 04:00:00,1614312000000,1.3632,1.3777,1.2429,1.2711,4830434.64,1.2711,sell
2021-02-26 08:00:00,1614326400000,1.2735,1.418,1.2733,1.3307,4086276.1,1.3307,sell
2021-02-26 12:00:00,1614340800000,1.3311,1.3885,1.3005,1.3732,1964494.66,1.3732,sell
2021-02-26 16:00:00,1614355200000,1.3714,1.4047,1.3277,1.3384,1938377.9,1.3384,sell
2021-02-26 20:00:00,1614369600000,1.3404,1.345,1.2687,1.3192,2035621.93,1.3192,sell
2021-02-27 00:00:00,1614384000000,1.3192,1.3759,1.3086,1.3502,1925400.17,1.3502,sell
2021-02-27 04:00:00,1614398400000,1.353,1.3797,1.328,1.3473,1460238.66,1.3473,sell
2021-02-27 08:00:00,1614412800000,1.3478,1.3947,1.305,1.3923,2627989.71,1.3923,sell
2021-02-27 12:00:00,1614427200000,1.3883,1.3902,1.3322,1.3386,2320046.26,1.3386,sell
2021-02-27 16:00:00,1614441600000,1.3388,1.399,1.3333,1.3879,1183424.99,1.3879,sell
2021-02-27 20:00:00,1614456000000,1.3886,1.399,1.29,1.3328,1449503.06,1.3328,sell
2021-02-28 00:00:00,1614470400000,1.3329,1.3448,1.2344,1.2399,2296856.67,1.2399,sell
2021-02-28 04:00:00,1614484800000,1.2384,1.2679,1.1959,1.2225,2367632.72,1.2225,sell
2021-02-28 08:00:00,1614499200000,1.2241,1.2641,1.2225,1.2438,908236.69,1.2438,sell
2021-02-28 12:00:00,1614513600000,1.2433,1.2576,1.135,1.1474,1719262.51,1.1474,sell
2021-02-28 16:00:00,1614528000000,1.1481,1.2177,1.1324,1.2144,2614506.16,1.2144,sell
2021-02-28 20:00:00,1614542400000,1.2127,1.238,1.1874,1.2115,1470140.89,1.2115,sell
2021-03-01 00:00:00,1614556800000,1.2097,1.2983,1.2011,1.2792,1884559.26,1.2792,sell
2021-03-01 04:00:00,1614571200000,1.2835,1.2897,1.2272,1.2464,1451389.02,1.2464,sell
2021-03-01 08:00:00,1614585600000,1.2475,1.3047,1.2459,1.2912,1777783.58,1.2912,sell
2021-03-01 12:00:00,1614600000000,1.2898,1.375,1.2837,1.3744,3331620.65,1.3744,buy
2021-03-01 16:00:00,1614614400000,1.3749,1.3842,1.2894,1.3008,3872521.7,1.3008,sell
2021-03-01 20:00:00,1614628800000,1.3026,1.3617,1.2962,1.3565,1563246.24,1.3565,buy
2021-03-02 00:00:00,1614643200000,1.3577,1.3745,1.3131,1.3684,2908922.48,1.3684,buy
2021-03-02 04:00:00,1614657600000,1.3695,1.3856,1.32,1.3521,2712727.14,1.3521,buy
2021-03-02 08:00:00,1614672000000,1.3504,1.4307,1.35,1.4063,3260700.91,1.4063,buy
2021-03-02 12:00:00,1614686400000,1.4064,1.4278,1.3718,1.3863,2071452.49,1.3863,buy
2021-03-02 16:00:00,1614700800000,1.3864,1.4059,1.2844,1.3036,3108743.17,1.3036,sell
2021-03-02 20:00:00,1614715200000,1.3036,1.3671,1.2812,1.3617,1860294.99,1.3617,buy
2021-03-03 00:00:00,1614729600000,1.3614,1.3666,1.3362,1.3505,1152453.94,1.3505,buy
2021-03-03 04:00:00,1614744000000,1.3496,1.4026,1.3493,1.4021,1553795.44,1.4021,buy
2021-03-03 08:00:00,1614758400000,1.4026,1.4834,1.4026,1.4327,3981845.71,1.4327,buy
2021-03-03 12:00:00,1614772800000,1.4335,1.4544,1.3795,1.4211,2490331.78,1.4211,buy
2021-03-03 16:00:00,1614787200000,1.421,1.5064,1.4194,1.4775,3036015.41,1.4775,buy
2021-03-03 20:00:00,1614801600000,1.478,1.5329,1.451,1.4635,2417993.02,1.4635,buy
2021-03-04 00:00:00,1614816000000,1.4643,1.4981,1.3971,1.3998,2444863.39,1.3998,buy
2021-03-04 04:00:00,1614830400000,1.4015,1.4447,1.3781,1.4413,1851002.07,1.4413,buy
2021-03-04 08:00:00,1614844800000,1.442,1.4559,1.3817,1.4153,1383973.45,1.4153,buy
2021-03-04 12:00:00,1614859200000,1.4149,1.4757,1.4068,1.4348,1881579.09,1.4348,buy
2021-03-04 16:00:00,1614873600000,1.4369,1.4639,1.3601,1.3856,1564384.62,1.3856,buy
2021-03-04 20:00:00,1614888000000,1.3858,1.3999,1.3535,1.3724,1741011.03,1.3724,buy
2021-03-05 00:00:00,1614902400000,1.3728,1.3741,1.2885,1.3463,2344473.13,1.3463,sell
2021-03-05 04:00:00,1614916800000,1.3456,1.3619,1.3079,1.3511,1766777.95,1.3511,sell
2021-03-05 08:00:00,1614931200000,1.3501,1.3521,1.302,1.3472,889818.69,1.3472,sell
2021-03-05 12:00:00,1614945600000,1.3472,1.3948,1.3277,1.3422,1485442.67,1.3422,sell
2021-03-05 16:00:00,1614960000000,1.34,1.345,1.2979,1.3384,1633274.28,1.3384,sell
2021-03-05 20:00:00,1614974400000,1.3395,1.3631,1.329,1.3389,905864.69,1.3389,sell
2021-03-06 00:00:00,1614988800000,1.342,1.368,1.33,1.3328,703879.72,1.3328,sell
2021-03-06 04:00:00,1615003200000,1.3362,1.3806,1.3226,1.3709,733703.98,1.3709,sell
2021-03-06 08:00:00,1615017600000,1.3712,1.4133,1.3404,1.3653,4062833.71,1.3653,sell
2021-03-06 12:00:00,1615032000000,1.3651,1.3714,1.3148,1.3271,1316200.02,1.3271,sell
2021-03-06 16:00:00,1615046400000,1.3277,1.3838,1.3225,1.359,1189509.92,1.359,sell
2021-03-06 20:00:00,1615060800000,1.36,1.38,1.3381,1.3703,1046186.72,1.3703,sell
2021-03-07 00:00:00,1615075200000,1.371,1.41,1.3699,1.3824,1585597.63,1.3824,buy
2021-03-07 04:00:00,1615089600000,1.3814,1.3943,1.3543,1.3915,1253668.59,1.3915,buy
2021-03-07 08:00:00,1615104000000,1.3915,1.4288,1.3764,1.3875,3290262.92,1.3875,buy
2021-03-07 12:00:00,1615118400000,1.3883,1.4143,1.3741,1.3906,1935802.32,1.3906,buy
2021-03-07 16:00:00,1615132800000,1.3906,1.4051,1.3695,1.3766,1143749.15,1.3766,sell
2021-03-07 20:00:00,1615147200000,1.3743,1.4255,1.3532,1.4204,1944580.57,1.4204,buy
2021-03-08 00:00:00,1615161600000,1.4203,1.4747,1.395,1.4115,5565341.1,1.4115,buy
2021-03-08 04:00:00,1615176000000,1.4127,1.4299,1.3615,1.3735,1780137.05,1.3735,sell
2021-03-08 08:00:00,1615190400000,1.375,1.4012,1.3646,1.3975,1497188.6,1.3975,buy
2021-03-08 12:00:00,1615204800000,1.397,1.412,1.378,1.4053,1677162.21,1.4053,buy
2021-03-08 16:00:00,1615219200000,1.4078,1.4198,1.387,1.4158,1298279.56,1.4158,buy
2021-03-08 20:00:00,1615233600000,1.4158,1.4267,1.3881,1.4198,1159011.42,1.4198,buy
2021-03-09 00:00:00,1615248000000,1.4223,1.4263,1.3911,1.4178,1894137.32,1.4178,buy
2021-03-09 04:00:00,1615262400000,1.4181,1.4284,1.4067,1.4087,1479762.61,1.4087,buy
2021-03-09 08:00:00,1615276800000,1.41,1.4456,1.408,1.4393,1805962.29,1.4393,buy
2021-03-09 12:00:00,1615291200000,1.4404,1.4423,1.4078,1.4349,1463025.5,1.4349,buy
2021-03-09 16:00:00,1615305600000,1.435,1.47,1.4153,1.4504,2345327.04,1.4504,buy
2021-03-09 20:00:00,1615320000000,1.4511,1.4757,1.4301,1.4757,1364173.95,1.4757,buy
2021-03-10 00:00:00,1615334400000,1.4756,1.487,1.3564,1.3835,3031426.18,1.3835,sell
2021-03-10 04:00:00,1615348800000,1.3831,1.42,1.3725,1.4151,1243237.67,1.4151,buy
2021-03-10 08:00:00,1615363200000,1.4151,1.4254,1.3962,1.423,1797256.4,1.423,buy
2021-03-10 12:00:00,1615377600000,1.4243,1.4594,1.4184,1.4327,2215123.22,1.4327,buy
2021-03-10 16:00:00,1615392000000,1.4336,1.4379,1.4039,1.4039,1343442.29,1.4039,buy
2021-03-10 20:00:00,1615406400000,1.4046,1.4087,1.3642,1.3933,1735858.31,1.3933,sell
2021-03-11 00:00:00,1615420800000,1.3934,1.4049,1.3519,1.3815,1366080.95,1.3815,sell
2021-03-11 04:00:00,1615435200000,1.3796,1.3848,1.3583,1.3583,811072.92,1.3583,sell
2021-03-11 08:00:00,1615449600000,1.3608,1.3722,1.3287,1.3686,1456116.76,1.3686,sell
2021-03-11 12:00:00,1615464000000,1.3705,1.4062,1.3621,1.3723,1434368.2,1.3723,sell
2021-03-11 16:00:00,1615478400000,1.3733,1.3977,1.3637,1.3684,1200510.68,1.3684,sell
2021-03-11 20:00:00,1615492800000,1.3656,1.4,1.3641,1.3743,1306788.16,1.3743,sell
2021-03-12 00:00:00,1615507200000,1.3745,1.3844,1.3443,1.3724,1211129.93,1.3724,sell
2021-03-12 04:00:00,1615521600000,1.3725,1.3826,1.35,1.3608,1228474.22,1.3608,sell
2021-03-12 08:00:00,1615536000000,1.3609,1.3911,1.3391,1.3644,1720491.55,1.3644,sell
2021-03-12 12:00:00,1615550400000,1.3636,1.3706,1.2926,1.3515,1709790.62,1.3515,sell
2021-03-12 16:00:00,1615564800000,1.3491,1.3571,1.3124,1.3157,648628.61,1.3157,sell
2021-03-12 20:00:00,1615579200000,1.3159,1.3666,1.3001,1.3396,1517309.02,1.3396,sell
2021-03-13 00:00:00,1615593600000,1.3402,1.3402,1.2872,1.3146,915181.82,1.3146,sell
2021-03-13 04:00:00,1615608000000,1.3159,1.3473,1.3077,1.3458,658530.54,1.3458,sell
2021-03-13 08:00:00,1615622400000,1.3459,1.4007,1.3446,1.387,1545763.51,1.387,sell
2021-03-13 12:00:00,1615636800000,1.3873,1.4061,1.3711,1.4051,1349515.77,1.4051,buy
2021-03-13 16:00:00,1615651200000,1.4046,1.4217,1.3872,1.4095,1735436.7,1.4095,buy
2021-03-13 20:00:00,1615665600000,1.4095,1.4218,1.3629,1.393,1263565.61,1.393,buy
2021-03-14 00:00:00,1615680000000,1.3936,1.4,1.3483,1.3794,1057424.81,1.3794,sell
2021-03-14 04:00:00,1615694400000,1.3797,1.38,1.3511,1.3575,1166671.37,1.3575,sell
2021-03-14 08:00:00,1615708800000,1.3575,1.3784,1.2992,1.3313,2923449.35,1.3313,sell
2021-03-14 12:00:00,1615723200000,1.3313,1.3476,1.3164,1.3257,1088145.06,1.3257,sell
2021-03-14 16:00:00,1615737600000,1.327,1.348,1.3115,1.3394,753177.42,1.3394,sell
2021-03-14 20:00:00,1615752000000,1.3394,1.3742,1.3247,1.3247,906124.88,1.3247,sell
2021-03-15 00:00:00,1615766400000,1.3256,1.3742,1.3194,1.3699,1280563.83,1.3699,buy
2021-03-15 04:00:00,1615780800000,1.3702,1.3745,1.2865,1.3184,1796302.69,1.3184,sell
2021-03-15 08:00:00,1615795200000,1.318,1.3308,1.255,1.3147,2784163.98,1.3147,sell
2021-03-15 12:00:00,1615809600000,1.3136,1.3683,1.2948,1.3265,1653173.04,1.3265,sell
2021-03-15 16:00:00,1615824000000,1.3268,1.3575,1.3118,1.348,1070881.34,1.348,sell
2021-03-15 20:00:00,1615838400000,1.3474,1.3724,1.3236,1.3282,1156884.76,1.3282,sell
2021-03-16 00:00:00,1615852800000,1.3285,1.3477,1.2774,1.301,1477123.7,1.301,sell
2021-03-16 04:00:00,1615867200000,1.3005,1.3443,1.2903,1.3419,1477837.95,1.3419,sell
2021-03-16 08:00:00,1615881600000,1.341,1.3532,1.3126,1.3178,822147.0,1.3178,sell
2021-03-16 12:00:00,1615896000000,1.318,1.371,1.3037,1.3692,1644537.95,1.3692,buy
2021-03-16 16:00:00,1615910400000,1.3693,1.4145,1.3191,1.4014,2181165.82,1.4014,buy
2021-03-16 20:00:00,1615924800000,1.4014,1.4452,1.3739,1.43,4341043.03,1.43,buy
2021-03-17 00:00:00,1615939200000,1.4302,1.4359,1.3656,1.3691,2217316.24,1.3691,buy
2021-03-17 04:00:00,1615953600000,1.3687,1.4157,1.3623,1.3911,2226532.85,1.3911,buy
2021-03-17 08:00:00,1615968000000,1.3914,1.4005,1.3356,1.3514,2094023.85,1.3514,sell
2021-03-17 12:00:00,1615982400000,1.3514,1.4063,1.3279,1.3934,1951773.3,1.3934,buy
2021-03-17 16:00:00,1615996800000,1.3935,1.4359,1.39,1.4181,1922329.78,1.4181,buy
2021-03-17 20:00:00,1616011200000,1.4181,1.4478,1.4004,1.4469,1742289.56,1.4469,buy
2021-03-18 00:00:00,1616025600000,1.4457,1.7,1.416,1.6273,11603943.49,1.6273,buy
2021-03-18 04:00:00,1616040000000,1.6273,1.6354,1.5398,1.5617,6882828.65,1.5617,buy
2021-03-18 08:00:00,1616054400000,1.5604,1.674,1.5592,1.6204,6356500.22,1.6204,buy
2021-03-18 12:00:00,1616068800000,1.6204,1.7469,1.5694,1.6867,8963436.41,1.6867,buy
2021-03-18 16:00:00,1616083200000,1.6866,1.6923,1.5513,1.552,3806677.91,1.552,buy
2021-03-18 20:00:00,1616097600000,1.5525,1.5864,1.4999,1.5162,3454455.17,1.5162,buy
2021-03-19 00:00:00,1616112000000,1.5147,1.5261,1.4494,1.5208,4719152.44,1.5208,buy
2021-03-19 04:00:00,1616126400000,1.5226,1.5461,1.5,1.5191,2335132.11,1.5191,buy
2021-03-19 08:00:00,1616140800000,1.5221,1.575,1.5001,1.5635,2709825.94,1.5635,buy
2021-03-19 12:00:00,1616155200000,1.5636,1.6447,1.5321,1.6319,4156019.49,1.6319,buy
2021-03-19 16:00:00,1616169600000,1.6304,1.6537,1.5727,1.6218,2745632.64,1.6218,buy
2021-03-19 20:00:00,1616184000000,1.6217,1.6238,1.5527,1.5586,1769548.95,1.5586,buy
2021-03-20 00:00:00,1616198400000,1.5586,1.6077,1.5255,1.5365,2613790.65,1.5365,buy
2021-03-20 04:00:00,1616212800000,1.5365,1.5893,1.5313,1.5661,1745399.91,1.5661,buy
2021-03-20 08:00:00,1616227200000,1.5662,1.6267,1.5634,1.6153,2088493.46,1.6153,buy
2021-03-20 12:00:00,1616241600000,1.6153,1.6161,1.55,1.5901,2357412.22,1.5901,buy
2021-03-20 16:00:00,1616256000000,1.591,1.5995,1.5418,1.5677,1191087.25,1.5677,buy
2021-03-20 20:00:00,1616270400000,1.5661,1.5686,1.4871,1.5,2293713.66,1.5,buy
2021-03-21 00:00:00,1616284800000,1.5,1.525,1.459,1.4874,2858840.93,1.4874,sell
2021-03-21 04:00:00,1616299200000,1.4862,1.4991,1.4465,1.4835,2235546.33,1.4835,sell
2021-03-21 08:00:00,1616313600000,1.483,1.4966,1.4251,1.442,1956652.21,1.442,sell
2021-03-21 12:00:00,1616328000000,1.4421,1.4859,1.4119,1.4707,1446603.81,1.4707,sell
2021-03-21 16:00:00,1616342400000,1.471,1.4904,1.4587,1.4815,894636.06,1.4815,sell
2021-03-21 20:00:00,1616356800000,1.4815,1.4866,1.453,1.458,662173.6,1.458,sell
2021-03-22 00:00:00,1616371200000,1.4579,1.5376,1.4242,1.5161,2392242.68,1.5161,sell
2021-03-22 04:00:00,1616385600000,1.5171,1.5719,1.5147,1.5672,2459912.36,1.5672,buy
2021-03-22 08:00:00,1616400000000,1.5679,1.5697,1.504,1.5499,1663564.23,1.5499,buy
2021-03-22 12:00:00,1616414400000,1.548,1.5552,1.4916,1.5326,1925852.05,1.5326,sell
2021-03-22 16:00:00,1616428800000,1.5345,1.5402,1.4549,1.4601,2181442.93,1.4601,sell
2021-03-22 20:00:00,1616443200000,1.4598,1.468,1.3907,1.417,1933402.71,1.417,sell
2021-03-23 00:00:00,1616457600000,1.417,1.4572,1.3986,1.4211,1711453.15,1.4211,sell
2021-03-23 04:00:00,1616472000000,1.4212,1.4312,1.35,1.401,2313351.52,1.401,sell
2021-03-23 08:00:00,1616486400000,1.3982,1.4154,1.3628,1.3731,1362333.07,1.3731,sell
2021-03-23 12:00:00,1616500800000,1.372,1.5001,1.3713,1.4814,2328269.16,1.4814,sell
2021-03-23 16:00:00,1616515200000,1.4811,1.5322,1.464,1.4826,2296435.79,1.4826,sell
2021-03-23 20:00:00,1616529600000,1.4826,1.512,1.434,1.498,1276327.38,1.498,sell
2021-03-24 00:00:00,1616544000000,1.4948,1.5537,1.4426,1.5408,3329461.22,1.5408,buy
2021-03-24 04:00:00,1616558400000,1.5414,1.5475,1.4856,1.5218,2562103.88,1.5218,buy
2021-03-24 08:00:00,1616572800000,1.5224,1.5866,1.5205,1.5654,2846083.86,1.5654,buy
2021-03-24 12:00:00,1616587200000,1.5642,1.5944,1.5445,1.5868,2934439.04,1.5868,buy
2021-03-24 16:00:00,1616601600000,1.5868,1.61,1.473,1.4739,2191682.98,1.4739,sell
2021-03-24 20:00:00,1616616000000,1.4736,1.4907,1.3161,1.3704,3331868.11,1.3704,sell
2021-03-25 00:00:00,1616630400000,1.37,1.3998,1.2814,1.3052,6486260.62,1.3052,sell
2021-03-25 04:00:00,1616644800000,1.3062,1.3591,1.2843,1.2967,2178369.09,1.2967,sell
2021-03-25 08:00:00,1616659200000,1.2994,1.3689,1.2931,1.3292,1625048.97,1.3292,sell
2021-03-25 12:00:00,1616673600000,1.3272,1.3376,1.26,1.2943,2570786.89,1.2943,sell
2021-03-25 16:00:00,1616688000000,1.2943,1.3651,1.275,1.3425,1432646.22,1.3425,sell
2021-03-25 20:00:00,1616702400000,1.3432,1.356,1.3046,1.3095,908038.97,1.3095,sell
2021-03-26 00:00:00,1616716800000,1.3098,1.3656,1.3086,1.3557,958635.45,1.3557,sell
2021-03-26 04:00:00,1616731200000,1.3557,1.38,1.3443,1.3781,559548.33,1.3781,sell
2021-03-26 08:00:00,1616745600000,1.3786,1.3828,1.3496,1.366,899834.96,1.366,sell
2021-03-26 12:00:00,1616760000000,1.3674,1.3959,1.3565,1.3719,953708.3,1.3719,sell
2021-03-26 16:00:00,1616774400000,1.3729,1.396,1.3546,1.3697,960947.5,1.3697,sell
2021-03-26 20:00:00,1616788800000,1.3688,1.3921,1.3638,1.3873,768370.76,1.3873,sell
2021-03-27 00:00:00,1616803200000,1.3881,1.4355,1.3778,1.4335,2023087.01,1.4335,buy
2021-03-27 04:00:00,1616817600000,1.4336,1.4396,1.3937,1.4059,1538567.65,1.4059,sell
2021-03-27 08:00:00,1616832000000,1.4069,1.4249,1.3641,1.3824,1917024.75,1.3824,sell
2021-03-27 12:00:00,1616846400000,1.3801,1.3928,1.3501,1.3871,1319338.24,1.3871,sell
2021-03-27 16:00:00,1616860800000,1.3873,1.4291,1.3873,1.4024,1182718.29,1.4024,sell
2021-03-27 20:00:00,1616875200000,1.4043,1.429,1.3925,1.4158,808019.41,1.4158,buy
2021-03-28 00:00:00,1616889600000,1.4164,1.4625,1.3842,1.4531,2161039.85,1.4531,buy
2021-03-28 04:00:00,1616904000000,1.4532,1.4649,1.4311,1.4499,1135635.91,1.4499,buy
2021-03-28 08:00:00,1616918400000,1.4496,1.4793,1.433,1.4359,1090448.29,1.4359,buy
2021-03-28 12:00:00,1616932800000,1.4359,1.4702,1.4152,1.462,1508314.8,1.462,buy
2021-03-28 16:00:00,1616947200000,1.4637,1.4829,1.4026,1.4305,1996407.56,1.4305,buy
2021-03-28 20:00:00,1616961600000,1.4298,1.4542,1.4163,1.4542,1008685.0,1.4542,buy
2021-03-29 00:00:00,1616976000000,1.4537,1.523,1.449,1.4858,2998091.4,1.4858,buy
2021-03-29 04:00:00,1616990400000,1.4893,1.4921,1.4501,1.4832,1036578.96,1.4832,buy
2021-03-29 08:00:00,1617004800000,1.4835,1.5382,1.4819,1.5177,1459330.9,1.5177,buy
2021-03-29 12:00:00,1617019200000,1.52,1.56,1.4933,1.527,2696555.63,1.527,buy
2021-03-29 16:00:00,1617033600000,1.5264,1.5906,1.5118,1.5205,2452590.4,1.5205,buy
2021-03-29 20:00:00,1617048000000,1.5213,1.6067,1.516,1.5948,2463184.88,1.5948,buy
2021-03-30 00:00:00,1617062400000,1.5959,1.6149,1.5532,1.5787,2653552.31,1.5787,buy
2021-03-30 04:00:00,1617076800000,1.5766,1.6588,1.5624,1.6462,3137116.74,1.6462,buy
2021-03-30 08:00:00,1617091200000,1.6453,1.7305,1.6219,1.688,4683676.34,1.688,buy
2021-03-30 12:00:00,1617105600000,1.688,1.8283,1.6602,1.7954,8525087.56,1.7954,buy
2021-03-30 16:00:00,1617120000000,1.797,1.864,1.7439,1.8317,7272008.32,1.8317,buy
2021-03-30 20:00:00,1617134400000,1.831,1.9238,1.8201,1.8486,7055550.62,1.8486,buy
2021-03-31 00:00:00,1617148800000,1.8487,2.0061,1.758,1.8022,9156423.45,1.8022,buy
2021-03-31 04:00:00,1617163200000,1.8001,1.9269,1.7717,1.8254,6288802.72,1.8254,buy
2021-03-31 08:00:00,1617177600000,1.8254,1.8457,1.7516,1.8165,4548659.2,1.8165,buy
2021-03-31 12:00:00,1617192000000,1.8164,1.9999,1.7883,1.9137,7152909.93,1.9137,buy
2021-03-31 16:00:00,1617206400000,1.9141,1.9817,1.8466,1.8586,3921236.81,1.8586,buy
2021-03-31 20:00:00,1617220800000,1.8596,1.9575,1.8552,1.8818,2543098.62,1.8818,buy
2021-04-01 00:00:00,1617235200000,1.8822,1.95,1.8357,1.8679,2694388.02,1.8679,buy
2021-04-01 04:00:00,1617249600000,1.8693,2.1001,1.8393,2.0672,7325571.33,2.0672,buy
2021-04-01 08:00:00,1617264000000,2.0686,2.0789,1.9442,2.0069,6629351.42,2.0069,buy
2021-04-01 12:00:00,1617278400000,2.0061,2.0146,1.9457,1.9485,3057142.16,1.9485,buy
2021-04-01 16:00:00,1617292800000,1.9494,1.9638,1.8406,1.9016,3606907.09,1.9016,buy
2021-04-01 20:00:00,1617307200000,1.9018,1.9965,1.8679,1.964,3155634.82,1.964,buy
2021-04-02 00:00:00,1617321600000,1.9626,1.9912,1.8783,1.8902,2194795.79,1.8902,buy
2021-04-02 04:00:00,1617336000000,1.8896,1.9128,1.88,1.9023,1863761.49,1.9023,buy
2021-04-02 08:00:00,1617350400000,1.9,2.0403,1.9,1.9999,4264842.81,1.9999,buy
2021-04-02 12:00:00,1617364800000,1.9999,2.01,1.9163,1.957,2737889.19,1.957,buy
2021-04-02 16:00:00,1617379200000,1.9582,1.9734,1.918,1.9541,1543821.69,1.9541,buy
2021-04-02 20:00:00,1617393600000,1.9543,1.9881,1.9211,1.9601,1429376.17,1.9601,buy
2021-04-03 00:00:00,1617408000000,1.96,1.9622,1.8829,1.8909,1897682.72,1.8909,buy
2021-04-03 04:00:00,1617422400000,1.8918,1.9174,1.8762,1.8966,1414552.35,1.8966,buy
2021-04-03 08:00:00,1617436800000,1.8954,1.9128,1.8472,1.8774,1918131.09,1.8774,buy
2021-04-03 12:00:00,1617451200000,1.8774,1.9531,1.8601,1.8617,2829347.14,1.8617,buy
2021-04-03 16:00:00,1617465600000,1.865,1.8839,1.7469,1.8317,2896947.2,1.8317,sell
2021-04-03 20:00:00,1617480000000,1.834,1.8342,1.7131,1.7262,2347351.59,1.7262,sell
2021-04-04 00:00:00,1617494400000,1.7237,1.7905,1.6917,1.7638,2049190.65,1.7638,sell
2021-04-04 04:00:00,1617508800000,1.7619,1.7688,1.7221,1.7548,1632514.86,1.7548,sell
2021-04-04 08:00:00,1617523200000,1.7582,1.8234,1.7564,1.762,1773967.59,1.762,sell
2021-04-04 12:00:00,1617537600000,1.7621,1.8222,1.7482,1.7775,1785381.05,1.7775,sell
2021-04-04 16:00:00,1617552000000,1.7789,1.8673,1.772,1.8328,2181885.08,1.8328,sell
2021-04-04 20:00:00,1617566400000,1.8331,1.8609,1.8143,1.835,1490501.78,1.835,sell
2021-04-05 00:00:00,1617580800000,1.8349,1.8668,1.7859,1.7923,1568899.62,1.7923,sell
2021-04-05 04:00:00,1617595200000,1.794,1.8036,1.73,1.755,2239959.41,1.755,sell
2021-04-05 08:00:00,1617609600000,1.7565,1.8371,1.735,1.8111,1625843.96,1.8111,sell
2021-04-05 12:00:00,1617624000000,1.8108,1.8446,1.7636,1.826,1884382.09,1.826,sell
2021-04-05 16:00:00,1617638400000,1.8261,1.86,1.8031,1.8409,1797450.67,1.8409,sell
2021-04-05 20:00:00,1617652800000,1.8427,1.8484,1.7686,1.8058,1820024.08,1.8058,sell
2021-04-06 00:00:00,1617667200000,1.8028,1.8121,1.7439,1.7599,1563480.65,1.7599,sell
2021-04-06 04:00:00,1617681600000,1.7591,1.7952,1.7537,1.7737,1175258.78,1.7737,sell
2021-04-06 08:00:00,1617696000000,1.7737,1.8454,1.7676,1.8054,2581340.97,1.8054,sell
2021-04-06 12:00:00,1617710400000,1.804,1.9441,1.7713,1.8074,6301219.97,1.8074,sell
2021-04-06 16:00:00,1617724800000,1.8073,1.8721,1.8022,1.869,1941082.87,1.869,buy
2021-04-06 20:00:00,1617739200000,1.8691,1.935,1.8331,1.9261,2025671.35,1.9261,buy
2021-04-07 00:00:00,1617753600000,1.9271,1.9471,1.814,1.832,2644577.84,1.832,sell
2021-04-07 04:00:00,1617768000000,1.8322,1.889,1.7634,1.7976,3535374.36,1.7976,sell
2021-04-07 08:00:00,1617782400000,1.7993,1.8145,1.5884,1.6581,5468853.68,1.6581,sell
2021-04-07 12:00:00,1617796800000,1.6556,1.7637,1.6046,1.7132,2801423.76,1.7132,sell
2021-04-07 16:00:00,1617811200000,1.7153,1.77,1.6578,1.7027,2115019.32,1.7027,sell
2021-04-07 20:00:00,1617825600000,1.7037,1.7621,1.6604,1.712,1096268.31,1.712,sell
2021-04-08 00:00:00,1617840000000,1.7129,1.778,1.7029,1.7719,1861667.39,1.7719,sell
2021-04-08 04:00:00,1617854400000,1.7726,1.8161,1.7714,1.8133,1205943.65,1.8133,buy
2021-04-08 08:00:00,1617868800000,1.815,1.8334,1.7602,1.784,1443798.26,1.784,sell
2021-04-08 12:00:00,1617883200000,1.7844,1.8414,1.7786,1.8345,1545613.17,1.8345,buy
2021-04-08 16:00:00,1617897600000,1.834,1.8423,1.792,1.7981,985067.37,1.7981,buy
2021-04-08 20:00:00,1617912000000,1.8012,1.8635,1.7927,1.8545,1411151.69,1.8545,buy
2021-04-09 00:00:00,1617926400000,1.8536,1.8856,1.8236,1.8353,1274888.63,1.8353,buy
2021-04-09 04:00:00,1617940800000,1.8362,1.8934,1.8303,1.8859,1575655.7,1.8859,buy
2021-04-09 08:00:00,1617955200000,1.886,2.049,1.8475,2.0103,6950638.51,2.0103,buy
2021-04-09 12:00:00,1617969600000,2.0113,2.379,1.9962,2.223,24160712.65,2.223,buy
2021-04-09 16:00:00,1617984000000,2.222,2.3193,2.1589,2.218,7649249.79,2.218,buy
2021-04-09 20:00:00,1617998400000,2.2183,2.2324,2.1064,2.1552,3963947.67,2.1552,buy
2021-04-10 00:00:00,1618012800000,2.1556,2.3741,2.1555,2.2673,8761058.04,2.2673,buy
2021-04-10 04:00:00,1618027200000,2.2661,2.2759,2.1616,2.2223,5233585.22,2.2223,buy
2021-04-10 08:00:00,1618041600000,2.2223,2.3555,2.1745,2.2946,5582733.49,2.2946,buy
2021-04-10 12:00:00,1618056000000,2.2976,2.3023,2.1601,2.17,4969133.55,2.17,buy
2021-04-10 16:00:00,1618070400000,2.1677,2.2395,2.1243,2.1678,4403924.79,2.1678,buy
2021-04-10 20:00:00,1618084800000,2.165,2.2366,2.0829,2.1747,2258977.39,2.1747,buy
2021-04-11 00:00:00,1618099200000,2.1747,2.1853,2.0543,2.1126,3035816.16,2.1126,buy
2021-04-11 04:00:00,1618113600000,2.1149,2.1205,2.0275,2.0962,3173686.81,2.0962,buy
2021-04-11 08:00:00,1618128000000,2.0961,2.2608,2.0938,2.2127,5085862.82,2.2127,buy
2021-04-11 12:00:00,1618142400000,2.2131,2.2153,2.1237,2.1343,1707067.95,2.1343,buy
2021-04-11 16:00:00,1618156800000,2.1343,2.1906,2.1149,2.1482,1484025.97,2.1482,buy
2021-04-11 20:00:00,1618171200000,2.148,2.1528,2.1152,2.1306,1118166.99,2.1306,buy
2021-04-12 00:00:00,1618185600000,2.1283,2.1467,2.0466,2.0875,1960569.51,2.0875,buy
2021-04-12 04:00:00,1618200000000,2.0897,2.1261,2.057,2.099,1696386.1,2.099,buy
2021-04-12 08:00:00,1618214400000,2.0977,2.1264,2.0366,2.0657,1975819.77,2.0657,buy
2021-04-12 12:00:00,1618228800000,2.0647,2.1191,2.0366,2.0483,1639546.97,2.0483,buy
2021-04-12 16:00:00,1618243200000,2.0473,2.1485,2.0344,2.1296,1673465.9,2.1296,buy
2021-04-12 20:00:00,1618257600000,2.1296,2.1876,2.1136,2.1328,1428050.26,2.1328,buy
2021-04-13 00:00:00,1618272000000,2.1332,2.2248,2.0884,2.2127,2739851.87,2.2127,buy
2021-04-13 04:00:00,1618286400000,2.2125,2.33,2.1807,2.2421,5060401.44,2.2421,buy
2021-04-13 08:00:00,1618300800000,2.2421,2.2809,2.1554,2.2682,3073079.47,2.2682,buy
2021-04-13 12:00:00,1618315200000,2.266,2.3268,2.2307,2.2673,2586564.61,2.2673,buy
2021-04-13 16:00:00,1618329600000,2.2651,2.4,2.2646,2.3313,4043231.13,2.3313,buy
2021-04-13 20:00:00,1618344000000,2.3311,2.3752,2.2851,2.2968,1872320.7,2.2968,buy
2021-04-14 00:00:00,1618358400000,2.2968,2.351,2.2304,2.248,2453852.08,2.248,buy
2021-04-14 04:00:00,1618372800000,2.2478,2.2544,2.1818,2.2083,2782171.08,2.2083,buy
2021-04-14 08:00:00,1618387200000,2.2075,2.2474,2.1074,2.2071,3018896.05,2.2071,buy
2021-04-14 12:00:00,1618401600000,2.2078,2.2118,2.0426,2.1432,3256872.21,2.1432,sell
2021-04-14 16:00:00,1618416000000,2.1426,2.2216,2.0744,2.1353,2338067.67,2.1353,sell
2021-04-14 20:00:00,1618430400000,2.1324,2.1942,2.1199,2.1585,1734336.09,2.1585,sell
2021-04-15 00:00:00,1618444800000,2.1559,2.1653,2.1,2.1369,2099958.07,2.1369,sell
2021-04-15 04:00:00,1618459200000,2.1369,2.1724,2.11,2.1644,1940592.7,2.1644,sell
2021-04-15 08:00:00,1618473600000,2.1671,2.2114,2.1464,2.178,1677827.47,2.178,buy
2021-04-15 12:00:00,1618488000000,2.1774,2.2417,2.1759,2.2227,1909951.24,2.2227,buy
2021-04-15 16:00:00,1618502400000,2.2228,2.2394,2.1782,2.202,1140291.64,2.202,buy
2021-04-15 20:00:00,1618516800000,2.202,2.2428,2.1775,2.1978,1245848.13,2.1978,buy
2021-04-16 00:00:00,1618531200000,2.198,2.2141,2.0947,2.1193,2676032.33,2.1193,sell
2021-04-16 04:00:00,1618545600000,2.1178,2.1201,2.0621,2.1138,1684684.14,2.1138,sell
2021-04-16 08:00:00,1618560000000,2.1156,2.1288,1.975,2.0504,2691107.27,2.0504,sell
2021-04-16 12:00:00,1618574400000,2.0507,2.0807,1.9724,2.0576,2754526.59,2.0576,sell
2021-04-16 16:00:00,1618588800000,2.0562,2.1031,2.0477,2.073,1982577.04,2.073,sell
2021-04-16 20:00:00,1618603200000,2.076,2.1163,2.0708,2.0744,1112569.0,2.0744,sell
2021-04-17 00:00:00,1618617600000,2.0726,2.1256,2.0724,2.1226,1393666.3,2.1226,sell
2021-04-17 04:00:00,1618632000000,2.1226,2.171,2.0906,2.1678,1982686.84,2.1678,buy
2021-04-17 08:00:00,1618646400000,2.1678,2.2067,2.0901,2.1079,2517369.89,2.1079,sell
2021-04-17 12:00:00,1618660800000,2.106,2.1377,2.0656,2.0685,1428192.75,2.0685,sell
2021-04-17 16:00:00,1618675200000,2.0689,2.1012,2.0472,2.0844,1038259.0,2.0844,sell
2021-04-17 20:00:00,1618689600000,2.0856,2.1304,2.0287,2.0355,919907.19,2.0355,sell
2021-04-18 00:00:00,1618704000000,2.035,2.0451,1.4455,1.7024,5067041.93,1.7024,sell
2021-04-18 04:00:00,1618718400000,1.6991,1.7946,1.65,1.7893,4567983.87,1.7893,sell
2021-04-18 08:00:00,1618732800000,1.7909,1.7999,1.5542,1.5629,4141971.11,1.5629,sell
2021-04-18 12:00:00,1618747200000,1.5622,1.7392,1.5618,1.7188,3503130.7,1.7188,sell
2021-04-18 16:00:00,1618761600000,1.7194,1.7875,1.6999,1.759,2380323.38,1.759,sell
2021-04-18 20:00:00,1618776000000,1.7583,1.7938,1.7315,1.762,1455284.28,1.762,sell
2021-04-19 00:00:00,1618790400000,1.762,1.8469,1.7116,1.8375,1414545.1,1.8375,sell
2021-04-19 04:00:00,1618804800000,1.8392,1.8654,1.7918,1.8445,1556245.07,1.8445,sell
2021-04-19 08:00:00,1618819200000,1.8445,1.8493,1.695,1.7969,2244118.46,1.7969,sell
2021-04-19 12:00:00,1618833600000,1.7972,1.8056,1.5694,1.5812,3375004.69,1.5812,sell
2021-04-19 16:00:00,1618848000000,1.5811,1.682,1.5668,1.6755,1796579.42,1.6755,sell
2021-04-19 20:00:00,1618862400000,1.6738,1.69,1.5812,1.5827,1700129.97,1.5827,sell
2021-04-20 00:00:00,1618876800000,1.584,1.5941,1.469,1.4973,2299869.27,1.4973,sell
2021-04-20 04:00:00,1618891200000,1.4992,1.5667,1.4455,1.51,2444181.81,1.51,sell
2021-04-20 08:00:00,1618905600000,1.5111,1.6399,1.5041,1.6391,2772270.18,1.6391,sell
2021-04-20 12:00:00,1618920000000,1.64,1.7096,1.5866,1.6565,3798242.41,1.6565,sell
2021-04-20 16:00:00,1618934400000,1.6593,1.7638,1.6198,1.7511,1741783.25,1.7511,sell
2021-04-20 20:00:00,1618948800000,1.7517,1.762,1.6922,1.7029,1965789.22,1.7029,sell
2021-04-21 00:00:00,1618963200000,1.7029,1.7335,1.659,1.6646,1547662.27,1.6646,sell
2021-04-21 04:00:00,1618977600000,1.6663,1.7282,1.6532,1.7145,1788590.94,1.7145,sell
2021-04-21 08:00:00,1618992000000,1.7162,1.7568,1.6274,1.6518,2428398.93,1.6518,sell
2021-04-21 12:00:00,1619006400000,1.6522,1.7428,1.6238,1.7406,1609555.31,1.7406,sell
2021-04-21 16:00:00,1619020800000,1.7415,1.808,1.6928,1.7787,2365239.3,1.7787,sell
2021-04-21 20:00:00,1619035200000,1.7797,1.7813,1.6279,1.636,2291216.71,1.636,sell
2021-04-22 00:00:00,1619049600000,1.6349,1.6825,1.5831,1.5902,3560410.79,1.5902,sell
2021-04-22 04:00:00,1619064000000,1.5891,1.6556,1.5891,1.6388,1760649.3,1.6388,sell
2021-04-22 08:00:00,1619078400000,1.6393,1.6994,1.563,1.6952,2454866.93,1.6952,sell
2021-04-22 12:00:00,1619092800000,1.6979,1.7898,1.6612,1.7897,2530530.04,1.7897,buy
2021-04-22 16:00:00,1619107200000,1.7891,1.7893,1.611,1.6358,2963677.86,1.6358,sell
2021-04-22 20:00:00,1619121600000,1.636,1.6364,1.4762,1.4909,2808266.7,1.4909,sell
2021-04-23 00:00:00,1619136000000,1.4906,1.5453,1.2428,1.3872,7548841.71,1.3872,sell
2021-04-23 04:00:00,1619150400000,1.3872,1.3946,1.2607,1.2826,5323957.49,1.2826,sell
2021-04-23 08:00:00,1619164800000,1.2808,1.4268,1.257,1.4055,3898387.34,1.4055,sell
2021-04-23 12:00:00,1619179200000,1.4057,1.4159,1.314,1.3967,2759078.94,1.3967,sell
2021-04-23 16:00:00,1619193600000,1.3977,1.4494,1.3776,1.4453,999069.58,1.4453,sell
2021-04-23 20:00:00,1619208000000,1.4453,1.4803,1.4049,1.4752,805684.51,1.4752,sell
2021-04-24 00:00:00,1619222400000,1.4729,1.4735,1.3716,1.4349,1292606.87,1.4349,sell
2021-04-24 04:00:00,1619236800000,1.4329,1.4655,1.412,1.4263,959512.8,1.4263,sell
2021-04-24 08:00:00,1619251200000,1.4257,1.4487,1.3078,1.3341,2024172.9,1.3341,sell
2021-04-24 12:00:00,1619265600000,1.3318,1.3819,1.3132,1.3752,1509929.07,1.3752,sell
2021-04-24 16:00:00,1619280000000,1.3735,1.3792,1.3301,1.3521,817100.25,1.3521,sell
2021-04-24 20:00:00,1619294400000,1.3534,1.3697,1.3111,1.328,1096564.44,1.328,sell
2021-04-25 00:00:00,1619308800000,1.3271,1.371,1.314,1.3282,1387021.53,1.3282,sell
2021-04-25 04:00:00,1619323200000,1.3281,1.3326,1.3271,1.3306,6296.57,1.3306,sell
2021-04-25 08:00:00,1619337600000,1.327,1.3937,1.327,1.3909,1179930.75,1.3909,sell
2021-04-25 12:00:00,1619352000000,1.3902,1.4622,1.3867,1.429,1228175.47,1.429,sell
2021-04-25 16:00:00,1619366400000,1.4288,1.4424,1.3631,1.3692,767096.71,1.3692,sell
2021-04-25 20:00:00,1619380800000,1.3669,1.3839,1.254,1.3408,2203466.66,1.3408,sell
2021-04-26 00:00:00,1619395200000,1.342,1.4678,1.3267,1.4457,2096560.95,1.4457,sell
2021-04-26 04:00:00,1619409600000,1.4486,1.5129,1.4386,1.4857,1491344.85,1.4857,buy
2021-04-26 08:00:00,1619424000000,1.4858,1.53,1.4491,1.5187,1756698.84,1.5187,buy
2021-04-26 12:00:00,1619438400000,1.5182,1.5314,1.4758,1.5083,1046770.06,1.5083,buy
2021-04-26 16:00:00,1619452800000,1.5096,1.5474,1.4644,1.5305,876652.41,1.5305,buy
2021-04-26 20:00:00,1619467200000,1.5305,1.5323,1.4568,1.5226,972921.39,1.5226,buy
2021-04-27 00:00:00,1619481600000,1.5243,1.5884,1.5043,1.5524,1444064.46,1.5524,buy
2021-04-27 04:00:00,1619496000000,1.5511,1.6151,1.5338,1.5864,1476327.47,1.5864,buy
2021-04-27 08:00:00,1619510400000,1.5864,1.648,1.573,1.6444,1664106.14,1.6444,buy
2021-04-27 12:00:00,1619524800000,1.6444,1.8053,1.5673,1.7981,5306108.0,1.7981,buy
2021-04-27 16:00:00,1619539200000,1.8,1.8837,1.7521,1.8399,6809911.78,1.8399,buy
2021-04-27 20:00:00,1619553600000,1.8365,1.86,1.8033,1.8259,1953031.71,1.8259,buy
2021-04-28 00:00:00,1619568000000,1.8236,1.8542,1.71,1.7169,2638783.58,1.7169,buy
2021-04-28 04:00:00,1619582400000,1.7142,1.7526,1.616,1.6825,3089665.78,1.6825,buy
2021-04-28 08:00:00,1619596800000,1.6826,1.738,1.641,1.7107,2091396.18,1.7107,buy
2021-04-28 12:00:00,1619611200000,1.7099,1.7411,1.6475,1.6789,1838914.02,1.6789,buy
2021-04-28 16:00:00,1619625600000,1.6786,1.7515,1.6696,1.7221,1810722.92,1.7221,buy
2021-04-28 20:00:00,1619640000000,1.7229,1.7473,1.6571,1.7083,2283054.92,1.7083,buy
2021-04-29 00:00:00,1619654400000,1.7083,1.7129,1.6517,1.6834,1304374.98,1.6834,buy
2021-04-29 04:00:00,1619668800000,1.6809,1.7226,1.6419,1.7132,1081390.53,1.7132,buy
2021-04-29 08:00:00,1619683200000,1.7132,1.7643,1.6826,1.7584,1922193.22,1.7584,buy
2021-04-29 12:00:00,1619697600000,1.7595,1.7614,1.6764,1.6873,1470914.08,1.6873,buy
2021-04-29 16:00:00,1619712000000,1.6864,1.6934,1.6001,1.629,1672169.21,1.629,buy
2021-04-29 20:00:00,1619726400000,1.6287,1.6732,1.5942,1.6732,1158053.3,1.6732,buy
2021-04-30 00:00:00,1619740800000,1.6731,1.6741,1.6292,1.6678,823393.62,1.6678,buy
2021-04-30 04:00:00,1619755200000,1.6684,1.7194,1.6646,1.6914,1500509.47,1.6914,buy
2021-04-30 08:00:00,1619769600000,1.6917,1.73,1.6776,1.6878,1876459.88,1.6878,buy
2021-04-30 12:00:00,1619784000000,1.6882,1.7249,1.6858,1.7207,1655648.72,1.7207,buy
2021-04-30 16:00:00,1619798400000,1.7207,1.7489,1.7063,1.7477,1550512.35,1.7477,buy
2021-04-30 20:00:00,1619812800000,1.7476,1.8172,1.7245,1.8027,2640812.49,1.8027,buy
2021-05-01 00:00:00,1619827200000,1.8027,1.8612,1.7652,1.8409,1888243.66,1.8409,buy
2021-05-01 04:00:00,1619841600000,1.8417,1.8568,1.8065,1.8126,1208199.35,1.8126,buy
2021-05-01 08:00:00,1619856000000,1.8113,1.8791,1.7726,1.8781,1899215.69,1.8781,buy
2021-05-01 12:00:00,1619870400000,1.8781,1.8888,1.7901,1.8254,1774545.15,1.8254,buy
2021-05-01 16:00:00,1619884800000,1.8256,1.9777,1.8202,1.9577,7048616.6,1.9577,buy
2021-05-01 20:00:00,1619899200000,1.9577,2.026,1.9169,1.9426,5026395.97,1.9426,buy
2021-05-02 00:00:00,1619913600000,1.942,1.9539,1.8165,1.8171,2952746.43,1.8171,buy
2021-05-02 04:00:00,1619928000000,1.8185,1.9114,1.7755,1.8551,2361773.58,1.8551,buy
2021-05-02 08:00:00,1619942400000,1.8551,1.9036,1.8219,1.8923,1624251.69,1.8923,buy
2021-05-02 12:00:00,1619956800000,1.8912,1.9325,1.8761,1.9108,1927619.43,1.9108,buy
2021-05-02 16:00:00,1619971200000,1.9121,1.96,1.905,1.9458,2455156.49,1.9458,buy
2021-05-02 20:00:00,1619985600000,1.945,1.9469,1.8368,1.866,1617755.2,1.866,buy
2021-05-03 00:00:00,1620000000000,1.866,1.9252,1.8609,1.9106,1309879.29,1.9106,buy
2021-05-03 04:00:00,1620014400000,1.9103,1.9281,1.9023,1.9133,1015862.91,1.9133,buy
2021-05-03 08:00:00,1620028800000,1.9126,1.9637,1.9013,1.9601,1561674.63,1.9601,buy
2021-05-03 12:00:00,1620043200000,1.9603,1.97,1.8714,1.9004,2428669.86,1.9004,buy
2021-05-03 16:00:00,1620057600000,1.901,1.9358,1.8811,1.9035,1622982.61,1.9035,buy
2021-05-03 20:00:00,1620072000000,1.904,1.9044,1.8466,1.9001,1425591.87,1.9001,buy
2021-05-04 00:00:00,1620086400000,1.9011,1.9031,1.7479,1.7753,2785875.15,1.7753,sell
2021-05-04 04:00:00,1620100800000,1.774,1.8396,1.7639,1.8005,1424788.9,1.8005,sell
2021-05-04 08:00:00,1620115200000,1.7983,1.8413,1.7631,1.8306,1167586.02,1.8306,buy
2021-05-04 12:00:00,1620129600000,1.8306,1.8322,1.6652,1.678,2873400.12,1.678,sell
2021-05-04 16:00:00,1620144000000,1.6818,1.7712,1.6457,1.7654,2175295.25,1.7654,sell
2021-05-04 20:00:00,1620158400000,1.7655,1.7929,1.6662,1.6773,973881.71,1.6773,sell
2021-05-05 00:00:00,1620172800000,1.6793,1.7656,1.6579,1.7213,1584425.15,1.7213,sell
2021-05-05 04:00:00,1620187200000,1.7218,1.7957,1.6872,1.7898,1687589.87,1.7898,sell
2021-05-05 08:00:00,1620201600000,1.7937,1.84,1.7784,1.7966,1637861.86,1.7966,sell
2021-05-05 12:00:00,1620216000000,1.7967,1.878,1.7881,1.8288,2660014.02,1.8288,sell
2021-05-05 16:00:00,1620230400000,1.8292,1.8874,1.8194,1.8869,1850005.68,1.8869,buy
2021-05-05 20:00:00,1620244800000,1.887,1.8926,1.835,1.8811,1337531.7,1.8811,buy
2021-05-06 00:00:00,1620259200000,1.8796,1.943,1.8434,1.9297,2469506.37,1.9297,buy
2021-05-06 04:00:00,1620273600000,1.929,1.9439,1.83,1.8892,1861111.54,1.8892,buy
2021-05-06 08:00:00,1620288000000,1.8894,2.0352,1.8874,2.003,6463322.32,2.003,buy
2021-05-06 12:00:00,1620302400000,2.003,2.0333,1.9518,1.9765,3650790.17,1.9765,buy
2021-05-06 16:00:00,1620316800000,1.9756,2.1078,1.898,1.9784,5863070.83,1.9784,buy
2021-05-06 20:00:00,1620331200000,1.9785,2.1046,1.9423,2.0519,3291284.8,2.0519,buy
2021-05-07 00:00:00,1620345600000,2.0547,2.1513,1.9944,2.0159,5035985.13,2.0159,buy
2021-05-07 04:00:00,1620360000000,2.015,2.18,1.97,2.166,4998117.85,2.166,buy
2021-05-07 08:00:00,1620374400000,2.1647,2.226,2.1184,2.2144,6364789.25,2.2144,buy
2021-05-07 12:00:00,1620388800000,2.2128,2.2195,2.123,2.1905,4167805.26,2.1905,buy
2021-05-07 16:00:00,1620403200000,2.19,2.2048,2.0269,2.0612,4890779.07,2.0612,buy
2021-05-07 20:00:00,1620417600000,2.0604,2.0959,1.9414,2.0107,2073239.12,2.0107,buy
2021-05-08 00:00:00,1620432000000,2.0129,2.0657,1.9612,2.0513,2172693.48,2.0513,buy
2021-05-08 04:00:00,1620446400000,2.0513,2.0652,1.98,2.0276,1877128.7,2.0276,buy
2021-05-08 08:00:00,1620460800000,2.0278,2.0558,1.9853,2.0351,1232988.48,2.0351,buy
2021-05-08 12:00:00,1620475200000,2.035,2.0367,1.91,1.9124,2575482.69,1.9124,sell
2021-05-08 16:00:00,1620489600000,1.9138,1.9848,1.91,1.9703,1639430.7,1.9703,buy
2021-05-08 20:00:00,1620504000000,1.9698,1.9862,1.9269,1.9526,923330.23,1.9526,buy
2021-05-09 00:00:00,1620518400000,1.9546,1.9649,1.8879,1.8907,957215.49,1.8907,sell
2021-05-09 04:00:00,1620532800000,1.8907,1.9334,1.8626,1.894,1343741.34,1.894,sell
2021-05-09 08:00:00,1620547200000,1.8924,1.9399,1.88,1.8855,1068780.61,1.8855,sell
2021-05-09 12:00:00,1620561600000,1.8873,1.9547,1.837,1.9479,1776553.38,1.9479,buy
2021-05-09 16:00:00,1620576000000,1.9494,1.9725,1.8925,1.9164,1601527.75,1.9164,sell
2021-05-09 20:00:00,1620590400000,1.921,1.9987,1.9131,1.9563,1483460.0,1.9563,sell
2021-05-10 00:00:00,1620604800000,1.9563,2.0217,1.951,2.0058,2194864.67,2.0058,buy
2021-05-10 04:00:00,1620619200000,2.0084,2.0236,1.9666,1.9755,1270880.77,1.9755,sell
2021-05-10 08:00:00,1620633600000,1.9743,2.0238,1.9266,1.9666,1866020.7,1.9666,sell
2021-05-10 12:00:00,1620648000000,1.9679,2.0126,1.87,1.9347,2222623.62,1.9347,sell
2021-05-10 16:00:00,1620662400000,1.9382,1.9384,1.7201,1.7577,2498310.07,1.7577,sell
2021-05-10 20:00:00,1620676800000,1.7575,1.8104,1.6308,1.7365,3864541.81,1.7365,sell
2021-05-11 00:00:00,1620691200000,1.74,1.78,1.6626,1.6999,2200888.08,1.6999,sell
2021-05-11 04:00:00,1620705600000,1.7,1.7788,1.688,1.7704,1375785.9,1.7704,sell
2021-05-11 08:00:00,1620720000000,1.7693,1.8198,1.73,1.7574,1357550.17,1.7574,sell
2021-05-11 12:00:00,1620734400000,1.7591,1.8365,1.7229,1.836,1696540.38,1.836,sell
2021-05-11 16:00:00,1620748800000,1.8349,1.8731,1.7993,1.8601,1658360.24,1.8601,sell
2021-05-11 20:00:00,1620763200000,1.8585,1.8796,1.8231,1.8645,825418.47,1.8645,sell
2021-05-12 00:00:00,1620777600000,1.8623,2.055,1.8362,1.9628,5897972.94,1.9628,buy
2021-05-12 04:00:00,1620792000000,1.9661,2.0143,1.9379,1.9843,2446730.86,1.9843,buy
2021-05-12 08:00:00,1620806400000,1.9843,2.03,1.9064,1.9463,3657750.55,1.9463,buy
2021-05-12 12:00:00,1620820800000,1.9463,1.9641,1.855,1.8818,2994664.5,1.8818,sell
2021-05-12 16:00:00,1620835200000,1.8827,1.9447,1.8308,1.8822,5518133.32,1.8822,sell
2021-05-12 20:00:00,1620849600000,1.8827,1.8899,1.6,1.6462,3992703.1,1.6462,sell
2021-05-13 00:00:00,1620864000000,1.6429,1.7368,1.5171,1.6987,5697719.59,1.6987,sell
2021-05-13 04:00:00,1620878400000,1.6969,1.7687,1.6855,1.7241,1607406.25,1.7241,sell
2021-05-13 08:00:00,1620892800000,1.7227,1.7353,1.5694,1.6352,3011805.88,1.6352,sell
2021-05-13 12:00:00,1620907200000,1.6388,1.7441,1.6287,1.6577,2031362.14,1.6577,sell
2021-05-13 16:00:00,1620921600000,1.6576,1.7131,1.51,1.5345,5096930.12,1.5345,sell
2021-05-13 20:00:00,1620936000000,1.5347,1.6359,1.5209,1.6112,1989173.64,1.6112,sell
2021-05-14 00:00:00,1620950400000,1.6112,1.653,1.597,1.6158,1340580.92,1.6158,sell
2021-05-14 04:00:00,1620964800000,1.6186,1.6552,1.5874,1.6501,1478683.71,1.6501,sell
2021-05-14 08:00:00,1620979200000,1.6515,1.7151,1.6473,1.7023,1574418.32,1.7023,sell
2021-05-14 12:00:00,1620993600000,1.7049,1.761,1.6633,1.7443,1800950.1,1.7443,sell
2021-05-14 16:00:00,1621008000000,1.7441,1.7668,1.6755,1.6821,1242837.42,1.6821,sell
2021-05-14 20:00:00,1621022400000,1.684,1.7097,1.6373,1.7027,902594.98,1.7027,sell
2021-05-15 00:00:00,1621036800000,1.7027,1.725,1.6441,1.6668,2045017.95,1.6668,sell
2021-05-15 04:00:00,1621051200000,1.6685,1.687,1.6022,1.6046,1359151.44,1.6046,sell
2021-05-15 08:00:00,1621065600000,1.6057,1.6391,1.5654,1.6072,1273426.32,1.6072,sell
2021-05-15 12:00:00,1621080000000,1.6075,1.6527,1.5916,1.6312,1605767.44,1.6312,sell
2021-05-15 16:00:00,1621094400000,1.6303,1.6312,1.533,1.5827,2222110.72,1.5827,sell
2021-05-15 20:00:00,1621108800000,1.5828,1.5974,1.534,1.5585,677431.01,1.5585,sell
2021-05-16 00:00:00,1621123200000,1.5537,1.6028,1.5342,1.5937,954555.53,1.5937,sell
2021-05-16 04:00:00,1621137600000,1.5934,1.6335,1.5663,1.6312,894052.17,1.6312,sell
2021-05-16 08:00:00,1621152000000,1.6308,1.6896,1.6184,1.6437,1766661.2,1.6437,sell
2021-05-16 12:00:00,1621166400000,1.6457,1.7013,1.6114,1.6164,2326525.8,1.6164,sell
2021-05-16 16:00:00,1621180800000,1.6157,1.6381,1.4978,1.535,2519603.56,1.535,sell
2021-05-16 20:00:00,1621195200000,1.5357,1.5762,1.4733,1.5692,1552132.19,1.5692,sell
2021-05-17 00:00:00,1621209600000,1.5672,1.5673,1.41,1.4125,2376549.81,1.4125,sell
2021-05-17 04:00:00,1621224000000,1.4111,1.5371,1.3917,1.5255,2817725.28,1.5255,sell
2021-05-17 08:00:00,1621238400000,1.5251,1.5649,1.51,1.5599,1287259.75,1.5599,sell
2021-05-17 12:00:00,1621252800000,1.5592,1.5742,1.4568,1.4672,1020190.99,1.4672,sell
2021-05-17 16:00:00,1621267200000,1.4679,1.5228,1.404,1.5084,1363282.18,1.5084,sell
2021-05-17 20:00:00,1621281600000,1.5084,1.54,1.4382,1.4667,1087415.44,1.4667,sell
2021-05-18 00:00:00,1621296000000,1.4684,1.5364,1.4464,1.5326,911396.61,1.5326,sell
2021-05-18 04:00:00,1621310400000,1.5348,1.5998,1.5314,1.5794,1245454.15,1.5794,sell
2021-05-18 08:00:00,1621324800000,1.5799,1.6832,1.5752,1.6632,3008097.96,1.6632,buy
2021-05-18 12:00:00,1621339200000,1.6632,1.6788,1.5431,1.6273,3329787.78,1.6273,buy
2021-05-18 16:00:00,1621353600000,1.6275,1.7057,1.5501,1.5901,5899073.82,1.5901,sell
2021-05-18 20:00:00,1621368000000,1.5931,1.6558,1.5798,1.5998,1704552.0,1.5998,buy
2021-05-19 00:00:00,1621382400000,1.6,1.6396,1.45,1.4623,2937514.35,1.4623,sell
2021-05-19 04:00:00,1621396800000,1.4633,1.479,1.3568,1.4291,3609490.57,1.4291,sell
2021-05-19 08:00:00,1621411200000,1.4286,1.4428,1.2,1.2855,4761734.23,1.2855,sell
2021-05-19 12:00:00,1621425600000,1.2897,1.3135,0.7877,1.1891,9427166.16,1.1891,sell
2021-05-19 16:00:00,1621440000000,1.1918,1.2712,1.1033,1.1254,5880240.93,1.1254,sell
2021-05-19 20:00:00,1621454400000,1.1231,1.1691,0.9874,0.9923,4151550.83,0.9923,sell
2021-05-20 00:00:00,1621468800000,0.989,1.0375,0.8858,0.9866,8982350.52,0.9866,sell
2021-05-20 04:00:00,1621483200000,0.9866,1.1287,0.9833,1.0926,5728743.26,1.0926,sell
2021-05-20 08:00:00,1621497600000,1.0903,1.1034,1.0227,1.0933,3530666.48,1.0933,sell
2021-05-20 12:00:00,1621512000000,1.0926,1.1956,1.0801,1.1527,3951539.81,1.1527,sell
2021-05-20 16:00:00,1621526400000,1.1549,1.164,1.03,1.1287,3620291.71,1.1287,sell
2021-05-20 20:00:00,1621540800000,1.1255,1.1643,1.0872,1.1564,1920059.08,1.1564,sell
2021-05-21 00:00:00,1621555200000,1.1573,1.2225,1.1541,1.1843,2824904.24,1.1843,sell
2021-05-21 04:00:00,1621569600000,1.1823,1.205,1.1303,1.1393,1715272.28,1.1393,sell
2021-05-21 08:00:00,1621584000000,1.1375,1.2199,1.1134,1.1859,1885674.76,1.1859,sell
2021-05-21 12:00:00,1621598400000,1.1855,1.195,0.9953,1.1222,6401148.4,1.1222,sell
2021-05-21 16:00:00,1621612800000,1.126,1.1503,0.9847,1.008,4631848.13,1.008,sell
2021-05-21 20:00:00,1621627200000,1.0102,1.0433,0.8932,1.0341,3208634.9,1.0341,sell
2021-05-22 00:00:00,1621641600000,1.0343,1.0509,0.9643,0.9771,2695623.94,0.9771,sell
2021-05-22 04:00:00,1621656000000,0.9784,0.9867,0.8853,0.9319,2631584.63,0.9319,sell
2021-05-22 08:00:00,1621670400000,0.9303,1.0165,0.9279,0.9977,2371015.26,0.9977,sell
2021-05-22 12:00:00,1621684800000,0.999,1.0482,0.9467,0.975,2652152.03,0.975,sell
2021-05-22 16:00:00,1621699200000,0.9757,0.9887,0.9111,0.9138,1768266.01,0.9138,sell
2021-05-22 20:00:00,1621713600000,0.914,0.991,0.914,0.9585,1186770.01,0.9585,sell
2021-05-23 00:00:00,1621728000000,0.9597,0.9871,0.9351,0.9756,1033262.52,0.9756,sell
2021-05-23 04:00:00,1621742400000,0.9734,0.9762,0.8656,0.8804,1695428.08,0.8804,sell
2021-05-23 08:00:00,1621756800000,0.8812,0.8818,0.7823,0.7962,3567800.67,0.7962,sell
2021-05-23 12:00:00,1621771200000,0.7957,0.8017,0.6912,0.7158,5008670.78,0.7158,sell
2021-05-23 16:00:00,1621785600000,0.7145,0.728,0.623,0.7143,5592437.15,0.7143,sell
2021-05-23 20:00:00,1621800000000,0.713,0.8119,0.7129,0.7951,3351946.14,0.7951,sell
2021-05-24 00:00:00,1621814400000,0.7956,0.8494,0.7794,0.8232,3999387.43,0.8232,sell
2021-05-24 04:00:00,1621828800000,0.8276,0.9008,0.805,0.8982,2085861.04,0.8982,sell
2021-05-24 08:00:00,1621843200000,0.898,0.9326,0.8576,0.9297,2874620.98,0.9297,sell
2021-05-24 12:00:00,1621857600000,0.9301,0.9753,0.8932,0.9264,3930825.48,0.9264,sell
2021-05-24 16:00:00,1621872000000,0.927,0.9922,0.9011,0.983,1888326.25,0.983,buy
2021-05-24 20:00:00,1621886400000,0.9857,0.9961,0.9366,0.9864,1549184.84,0.9864,buy
2021-05-25 00:00:00,1621900800000,0.9865,1.0297,0.924,0.9474,2552605.26,0.9474,sell
2021-05-25 04:00:00,1621915200000,0.9464,1.0081,0.9186,1.0041,1850251.14,1.0041,buy
2021-05-25 08:00:00,1621929600000,1.0046,1.0083,0.8844,0.9111,2338051.3,0.9111,sell
2021-05-25 12:00:00,1621944000000,0.9129,0.9706,0.9089,0.9623,2446036.18,0.9623,sell
2021-05-25 16:00:00,1621958400000,0.9601,0.9633,0.9079,0.9166,1257589.61,0.9166,sell
2021-05-25 20:00:00,1621972800000,0.9141,0.9898,0.9124,0.9767,753030.49,0.9767,buy
2021-05-26 00:00:00,1621987200000,0.9766,1.0387,0.9653,1.0358,1575155.04,1.0358,buy
2021-05-26 04:00:00,1622001600000,1.0345,1.1,1.0175,1.0968,1575643.89,1.0968,buy
2021-05-26 08:00:00,1622016000000,1.0968,1.1337,1.0599,1.1197,2624908.12,1.1197,buy
2021-05-26 12:00:00,1622030400000,1.1207,1.1422,1.0378,1.0681,2298188.07,1.0681,buy
2021-05-26 16:00:00,1622044800000,1.0674,1.1277,1.06,1.1122,1488072.15,1.1122,buy
2021-05-26 20:00:00,1622059200000,1.1133,1.1499,1.1051,1.1494,949620.63,1.1494,buy
2021-05-27 00:00:00,1622073600000,1.1489,1.15,1.0225,1.0589,2346800.0,1.0589,buy
2021-05-27 04:00:00,1622088000000,1.0597,1.1124,1.0355,1.0986,1075503.79,1.0986,buy
2021-05-27 08:00:00,1622102400000,1.0974,1.1776,1.0812,1.1722,1749283.75,1.1722,buy
2021-05-27 12:00:00,1622116800000,1.1726,1.1888,1.1292,1.161,1492460.43,1.161,buy
2021-05-27 16:00:00,1622131200000,1.1646,1.1688,1.1177,1.1441,1814857.73,1.1441,buy
2021-05-27 20:00:00,1622145600000,1.1433,1.1433,1.0928,1.103,1001207.85,1.103,buy
2021-05-28 00:00:00,1622160000000,1.1027,1.1243,1.0625,1.1219,1193561.82,1.1219,buy
2021-05-28 04:00:00,1622174400000,1.1219,1.1219,0.9875,1.0188,3566772.28,1.0188,buy
2021-05-28 08:00:00,1622188800000,1.0194,1.0204,0.9313,0.9424,3045742.64,0.9424,sell
2021-05-28 12:00:00,1622203200000,0.9425,1.0283,0.9287,1.0113,1930618.06,1.0113,buy
2021-05-28 16:00:00,1622217600000,1.011,1.0137,0.9582,0.9911,1175473.42,0.9911,sell
2021-05-28 20:00:00,1622232000000,0.992,1.008,0.9245,0.9645,1534678.44,0.9645,sell
2021-05-29 00:00:00,1622246400000,0.9645,1.0089,0.9628,0.997,1169306.66,0.997,sell
2021-05-29 04:00:00,1622260800000,0.997,1.0062,0.9593,0.9721,986915.88,0.9721,sell
2021-05-29 08:00:00,1622275200000,0.9708,0.9763,0.9209,0.9484,1171977.31,0.9484,sell
2021-05-29 12:00:00,1622289600000,0.9459,0.9498,0.8737,0.8879,1756416.42,0.8879,sell
2021-05-29 16:00:00,1622304000000,0.8877,0.9137,0.8452,0.8639,1360150.84,0.8639,sell
2021-05-29 20:00:00,1622318400000,0.8631,0.9097,0.8432,0.9005,1153929.18,0.9005,sell
2021-05-30 00:00:00,1622332800000,0.9011,0.9011,0.8421,0.8924,1133703.06,0.8924,sell
2021-05-30 04:00:00,1622347200000,0.8942,0.9679,0.8878,0.9669,1343788.2,0.9669,sell
2021-05-30 08:00:00,1622361600000,0.9658,0.9903,0.9549,0.9878,908819.49,0.9878,sell
2021-05-30 12:00:00,1622376000000,0.9867,0.9909,0.9184,0.9359,863391.34,0.9359,sell
2021-05-30 16:00:00,1622390400000,0.9354,0.9718,0.9283,0.958,480577.5,0.958,sell
2021-05-30 20:00:00,1622404800000,0.956,0.9635,0.9337,0.9363,725048.27,0.9363,sell
2021-05-31 00:00:00,1622419200000,0.9368,0.9567,0.8926,0.9011,900334.27,0.9011,sell
2021-05-31 04:00:00,1622433600000,0.8998,0.9468,0.8874,0.945,832066.93,0.945,sell
2021-05-31 08:00:00,1622448000000,0.945,0.9913,0.9359,0.9811,990612.14,0.9811,sell
2021-05-31 12:00:00,1622462400000,0.9811,1.016,0.9562,1.0149,1166061.6,1.0149,buy
2021-05-31 16:00:00,1622476800000,1.0147,1.02,0.9827,0.9988,758495.77,0.9988,sell
2021-05-31 20:00:00,1622491200000,0.9988,1.0231,0.9935,1.0201,457597.38,1.0201,buy
2021-06-01 00:00:00,1622505600000,1.0199,1.0308,0.9821,1.0084,900353.98,1.0084,buy
2021-06-01 04:00:00,1622520000000,1.0087,1.0536,1.0042,1.03,679150.07,1.03,buy
2021-06-01 08:00:00,1622534400000,1.0292,1.0398,0.9873,1.0375,1102721.39,1.0375,buy
2021-06-01 12:00:00,1622548800000,1.0346,1.0398,0.9888,1.0223,973583.14,1.0223,buy
2021-06-01 16:00:00,1622563200000,1.0205,1.0284,0.995,1.0059,623767.5,1.0059,buy
2021-06-01 20:00:00,1622577600000,1.0061,1.0293,1.0007,1.0262,522213.17,1.0262,buy
2021-06-02 00:00:00,1622592000000,1.0273,1.2,1.0191,1.1434,14477597.67,1.1434,buy
2021-06-02 04:00:00,1622606400000,1.1448,1.1527,1.1146,1.1208,1923336.27,1.1208,buy
2021-06-02 08:00:00,1622620800000,1.1201,1.1254,1.0791,1.0909,2196484.33,1.0909,buy
2021-06-02 12:00:00,1622635200000,1.0919,1.2547,1.0805,1.1652,7577714.35,1.1652,buy
2021-06-02 16:00:00,1622649600000,1.1653,1.1878,1.1387,1.1501,1689301.71,1.1501,buy
2021-06-02 20:00:00,1622664000000,1.1506,1.1674,1.1203,1.1463,1131863.48,1.1463,buy
2021-06-03 00:00:00,1622678400000,1.1471,1.1585,1.0932,1.1353,1540364.04,1.1353,buy
2021-06-03 04:00:00,1622692800000,1.1353,1.1872,1.1349,1.1752,1691148.63,1.1752,buy
2021-06-03 08:00:00,1622707200000,1.1776,1.235,1.1532,1.1632,3602211.77,1.1632,buy
2021-06-03 12:00:00,1622721600000,1.1648,1.196,1.1491,1.1591,1373045.65,1.1591,buy
2021-06-03 16:00:00,1622736000000,1.1571,1.1937,1.1401,1.1765,1914587.74,1.1765,buy
2021-06-03 20:00:00,1622750400000,1.1749,1.21,1.1748,1.1887,1201866.7,1.1887,buy
2021-06-04 00:00:00,1622764800000,1.1886,1.1897,1.0963,1.1214,1347250.86,1.1214,buy
2021-06-04 04:00:00,1622779200000,1.1229,1.1278,1.0194,1.0525,2025473.77,1.0525,sell
2021-06-04 08:00:00,1622793600000,1.0522,1.069,1.0317,1.0513,1461468.21,1.0513,sell
2021-06-04 12:00:00,1622808000000,1.05,1.0976,1.0174,1.0934,1202722.74,1.0934,buy
2021-06-04 16:00:00,1622822400000,1.0924,1.119,1.083,1.1023,552246.83,1.1023,buy
2021-06-04 20:00:00,1622836800000,1.1023,1.1185,1.0586,1.0668,670557.64,1.0668,sell
2021-06-05 00:00:00,1622851200000,1.0685,1.1231,1.06,1.109,735675.37,1.109,buy
2021-06-05 04:00:00,1622865600000,1.1105,1.1406,1.1076,1.1239,613840.23,1.1239,buy
2021-06-05 08:00:00,1622880000000,1.1232,1.1389,1.0503,1.0615,1245003.44,1.0615,sell
2021-06-05 12:00:00,1622894400000,1.0612,1.0799,1.0346,1.0792,792077.87,1.0792,sell
2021-06-05 16:00:00,1622908800000,1.0798,1.0798,1.039,1.0423,351543.12,1.0423,sell
2021-06-05 20:00:00,1622923200000,1.0422,1.0607,1.0084,1.04,675461.12,1.04,sell
2021-06-06 00:00:00,1622937600000,1.04,1.0522,1.0296,1.0345,297468.99,1.0345,sell
2021-06-06 04:00:00,1622952000000,1.0357,1.0562,1.031,1.0539,276992.88,1.0539,sell
2021-06-06 08:00:00,1622966400000,1.0537,1.0734,1.0501,1.052,445476.81,1.052,sell
2021-06-06 12:00:00,1622980800000,1.0547,1.0791,1.0406,1.0706,916020.76,1.0706,sell
2021-06-06 16:00:00,1622995200000,1.0726,1.0754,1.0495,1.0509,241544.07,1.0509,sell
2021-06-06 20:00:00,1623009600000,1.0503,1.0677,1.0372,1.0612,322615.07,1.0612,sell
2021-06-07 00:00:00,1623024000000,1.0623,1.08,1.0469,1.0654,652963.45,1.0654,sell
2021-06-07 04:00:00,1623038400000,1.0661,1.072,1.0462,1.0576,306192.23,1.0576,sell
2021-06-07 08:00:00,1623052800000,1.058,1.0838,1.0465,1.068,475657.01,1.068,sell
2021-06-07 12:00:00,1623067200000,1.0695,1.0835,1.0548,1.0593,591295.6,1.0593,sell
2021-06-07 16:00:00,1623081600000,1.0593,1.0693,1.0165,1.026,856938.34,1.026,sell
2021-06-07 20:00:00,1623096000000,1.025,1.0282,0.9436,0.953,1329764.94,0.953,sell
2021-06-08 00:00:00,1623110400000,0.953,0.9688,0.8769,0.903,1869024.01,0.903,sell
2021-06-08 04:00:00,1623124800000,0.9025,0.9251,0.8801,0.917,1103834.86,0.917,sell
2021-06-08 08:00:00,1623139200000,0.9166,0.9334,0.8898,0.9239,851904.61,0.9239,sell
2021-06-08 12:00:00,1623153600000,0.9243,0.928,0.8298,0.8594,2171521.71,0.8594,sell
2021-06-08 16:00:00,1623168000000,0.8583,0.9161,0.8524,0.9143,1075922.93,0.9143,sell
2021-06-08 20:00:00,1623182400000,0.9126,0.9589,0.9088,0.9547,746983.33,0.9547,sell
2021-06-09 00:00:00,1623196800000,0.9534,0.9722,0.9226,0.9625,1565855.25,0.9625,sell
2021-06-09 04:00:00,1623211200000,0.9631,0.9842,0.9474,0.9517,1943710.72,0.9517,sell
2021-06-09 08:00:00,1623225600000,0.9513,0.9704,0.9296,0.9637,1009336.85,0.9637,sell
2021-06-09 12:00:00,1623240000000,0.9641,0.9732,0.9277,0.9629,1149888.4,0.9629,sell
2021-06-09 16:00:00,1623254400000,0.9645,0.9745,0.9355,0.9418,1062293.97,0.9418,sell
2021-06-09 20:00:00,1623268800000,0.9449,0.9663,0.9347,0.9663,887172.18,0.9663,sell
2021-06-10 00:00:00,1623283200000,0.9663,0.9764,0.9497,0.9556,960176.26,0.9556,sell
2021-06-10 04:00:00,1623297600000,0.9561,0.9863,0.9465,0.9689,1094686.78,0.9689,sell
2021-06-10 08:00:00,1623312000000,0.9689,0.9806,0.9377,0.9677,1300636.42,0.9677,sell
2021-06-10 12:00:00,1623326400000,0.9661,0.9675,0.9224,0.9318,886698.14,0.9318,sell
2021-06-10 16:00:00,1623340800000,0.9319,0.9421,0.9173,0.93,646754.45,0.93,sell
2021-06-10 20:00:00,1623355200000,0.9309,0.9491,0.911,0.9343,480638.81,0.9343,sell
2021-06-11 00:00:00,1623369600000,0.935,0.9451,0.8897,0.9189,848610.91,0.9189,sell
2021-06-11 04:00:00,1623384000000,0.9178,0.9286,0.9064,0.9286,378504.4,0.9286,sell
2021-06-11 08:00:00,1623398400000,0.9268,0.9511,0.9217,0.9295,545170.25,0.9295,sell
2021-06-11 12:00:00,1623412800000,0.9302,0.9381,0.8911,0.8933,718348.07,0.8933,sell
2021-06-11 16:00:00,1623427200000,0.8932,0.9011,0.8691,0.8782,503810.84,0.8782,sell
2021-06-11 20:00:00,1623441600000,0.8765,0.8901,0.8508,0.8635,788607.08,0.8635,sell
2021-06-12 00:00:00,1623456000000,0.8637,0.8641,0.8116,0.8222,1046745.8,0.8222,sell
2021-06-12 04:00:00,1623470400000,0.823,0.8442,0.8027,0.838,787763.82,0.838,sell
2021-06-12 08:00:00,1623484800000,0.8379,0.8666,0.8206,0.8657,1159330.91,0.8657,sell
2021-06-12 12:00:00,1623499200000,0.8659,0.8935,0.8612,0.8651,1188901.17,0.8651,sell
2021-06-12 16:00:00,1623513600000,0.8655,0.8895,0.86,0.8672,851816.24,0.8672,sell
2021-06-12 20:00:00,1623528000000,0.8679,0.8749,0.8465,0.8523,466413.27,0.8523,sell
2021-06-13 00:00:00,1623542400000,0.8517,0.865,0.8297,0.8304,641933.32,0.8304,sell
2021-06-13 04:00:00,1623556800000,0.8296,0.8381,0.8192,0.8277,610896.85,0.8277,sell
2021-06-13 08:00:00,1623571200000,0.8273,0.8425,0.8183,0.8296,890502.08,0.8296,sell
2021-06-13 12:00:00,1623585600000,0.829,0.8354,0.8082,0.8219,1388479.69,0.8219,sell
2021-06-13 16:00:00,1623600000000,0.8213,0.8608,0.8183,0.8488,2123793.43,0.8488,sell
2021-06-13 20:00:00,1623614400000,0.8493,0.9007,0.8488,0.8951,1932301.08,0.8951,sell
2021-06-14 00:00:00,1623628800000,0.8948,0.9075,0.8826,0.8944,843010.81,0.8944,sell
2021-06-14 04:00:00,1623643200000,0.8946,0.8991,0.8821,0.8852,568130.28,0.8852,sell
2021-06-14 08:00:00,1623657600000,0.8851,0.8863,0.8666,0.8737,831526.76,0.8737,sell
2021-06-14 12:00:00,1623672000000,0.8728,0.93,0.8683,0.9284,1670712.08,0.9284,buy
2021-06-14 16:00:00,1623686400000,0.9288,0.9342,0.8924,0.9111,963901.74,0.9111,buy
2021-06-14 20:00:00,1623700800000,0.9105,0.9317,0.9034,0.9105,726955.18,0.9105,buy
2021-06-15 00:00:00,1623715200000,0.9105,0.9393,0.9036,0.9254,695158.65,0.9254,buy
2021-06-15 04:00:00,1623729600000,0.9254,0.9524,0.9224,0.95,749030.51,0.95,buy
2021-06-15 08:00:00,1623744000000,0.9502,0.959,0.9228,0.9317,1260273.1,0.9317,buy
2021-06-15 12:00:00,1623758400000,0.9312,0.9496,0.9005,0.9086,872393.87,0.9086,buy
2021-06-15 16:00:00,1623772800000,0.9081,0.9265,0.9012,0.9028,631014.43,0.9028,buy
2021-06-15 20:00:00,1623787200000,0.9008,0.9044,0.8868,0.8936,759593.4,0.8936,buy
2021-06-16 00:00:00,1623801600000,0.8928,0.8985,0.8741,0.897,907568.57,0.897,buy
2021-06-16 04:00:00,1623816000000,0.8954,0.9178,0.8953,0.9122,587419.09,0.9122,buy
2021-06-16 08:00:00,1623830400000,0.9126,0.945,0.8828,0.8856,1719037.12,0.8856,buy
2021-06-16 12:00:00,1623844800000,0.8846,0.8941,0.865,0.8746,876489.9,0.8746,sell
