,datetime,open,high,low,close,volume,adj_close
2021-01-01 00:00:00,1609459200000,3.1859,3.2609,3.0178,3.1085,771165.4,3.1085
2021-01-01 04:00:00,1609473600000,3.1123,3.1753,3.0592,3.1753,86785.18,3.1753
2021-01-01 08:00:00,1609488000000,3.1753,3.5501,3.1381,3.5259,554544.91,3.5259
2021-01-01 12:00:00,1609502400000,3.516,3.86,3.4515,3.6472,1467664.08,3.6472
2021-01-01 16:00:00,1609516800000,3.6454,3.6666,3.4267,3.5644,452706.75,3.5644
2021-01-01 20:00:00,1609531200000,3.5644,3.815,3.5344,3.6497,484252.42,3.6497
2021-01-02 00:00:00,1609545600000,3.6544,3.939,3.5351,3.8916,350728.33,3.8916
2021-01-02 04:00:00,1609560000000,3.8921,3.8922,3.6578,3.6622,194512.6,3.6622
2021-01-02 08:00:00,1609574400000,3.6623,3.6834,3.5,3.5797,231135.91,3.5797
2021-01-02 12:00:00,1609588800000,3.5786,3.62,3.4862,3.5472,194523.54,3.5472
2021-01-02 16:00:00,1609603200000,3.5473,3.5518,3.32,3.3587,419434.41,3.3587
2021-01-02 20:00:00,1609617600000,3.3539,3.6,3.2851,3.4956,377870.36,3.4956
2021-01-03 00:00:00,1609632000000,3.5005,3.5413,3.3916,3.493,91211.16,3.493
2021-01-03 04:00:00,1609646400000,3.4967,3.5908,3.4806,3.5031,94600.52,3.5031
2021-01-03 08:00:00,1609660800000,3.5108,3.743,3.4901,3.656,185707.77,3.656
2021-01-03 12:00:00,1609675200000,3.6561,3.78,3.6134,3.7369,183340.03,3.7369
2021-01-03 16:00:00,1609689600000,3.7454,3.83,3.5,3.5558,211978.56,3.5558
2021-01-03 20:00:00,1609704000000,3.5518,3.6389,3.4135,3.4691,222627.22,3.4691
2021-01-04 00:00:00,1609718400000,3.477,3.7055,3.4596,3.6125,195104.28,3.6125
2021-01-04 04:00:00,1609732800000,3.6125,3.83,3.4779,3.5642,311780.2,3.5642
2021-01-04 08:00:00,1609747200000,3.5705,3.6454,3.2283,3.4216,364045.46,3.4216
2021-01-04 12:00:00,1609761600000,3.4164,3.507,3.3426,3.448,140757.6,3.448
2021-01-04 16:00:00,1609776000000,3.4488,3.4956,3.33,3.4579,94552.18,3.4579
2021-01-04 20:00:00,1609790400000,3.4655,3.6185,3.4001,3.5999,136305.55,3.5999
2021-01-05 00:00:00,1609804800000,3.5999,3.78,3.5653,3.6189,315926.85,3.6189
2021-01-05 04:00:00,1609819200000,3.62,3.6595,3.4703,3.606,125841.74,3.606
2021-01-05 08:00:00,1609833600000,3.615,4.1781,3.6051,4.0495,712523.43,4.0495
2021-01-05 12:00:00,1609848000000,4.0613,4.24,3.9121,4.1989,492964.74,4.1989
2021-01-05 16:00:00,1609862400000,4.1988,4.3556,4.1004,4.1573,560254.45,4.1573
2021-01-05 20:00:00,1609876800000,4.1544,4.332,4.1151,4.2501,195885.61,4.2501
2021-01-06 00:00:00,1609891200000,4.2502,4.4,4.1361,4.303,302222.73,4.303
2021-01-06 04:00:00,1609905600000,4.3148,4.6795,4.2221,4.4849,904531.83,4.4849
2021-01-06 08:00:00,1609920000000,4.4849,4.9473,4.3923,4.9278,483081.84,4.9278
2021-01-06 12:00:00,1609934400000,4.9278,4.9442,4.6315,4.714,327669.52,4.714
2021-01-06 16:00:00,1609948800000,4.7138,4.9773,4.3684,4.3699,420548.41,4.3699
2021-01-06 20:00:00,1609963200000,4.3699,4.7705,4.3279,4.5788,487103.92,4.5788
2021-01-07 00:00:00,1609977600000,4.5803,4.8205,4.4576,4.7301,220301.02,4.7301
2021-01-07 04:00:00,1609992000000,4.7306,4.7448,4.4501,4.4733,172462.74,4.4733
2021-01-07 08:00:00,1610006400000,4.4738,4.66,4.3526,4.5719,208479.44,4.5719
2021-01-07 12:00:00,1610020800000,4.5606,4.7999,4.5218,4.7615,242848.14,4.7615
2021-01-07 16:00:00,1610035200000,4.7666,4.7999,4.1827,4.5556,436241.47,4.5556
2021-01-07 20:00:00,1610049600000,4.5556,4.6155,4.3685,4.4707,191159.94,4.4707
2021-01-08 00:00:00,1610064000000,4.4728,4.5479,4.0,4.2954,209111.29,4.2954
2021-01-08 04:00:00,1610078400000,4.2954,4.6781,4.2292,4.6548,117211.75,4.6548
2021-01-08 08:00:00,1610092800000,4.6677,5.5276,4.55,5.0682,965967.06,5.0682
2021-01-08 12:00:00,1610107200000,5.0684,5.705,5.0662,5.3221,816444.47,5.3221
2021-01-08 16:00:00,1610121600000,5.3127,5.3785,5.0501,5.1185,370806.06,5.1185
2021-01-08 20:00:00,1610136000000,5.1219,5.9,5.0,5.7,558119.03,5.7
2021-01-09 00:00:00,1610150400000,5.6999,6.82,5.5761,6.4462,1300746.62,6.4462
2021-01-09 04:00:00,1610164800000,6.4482,6.775,6.0621,6.5379,531596.63,6.5379
2021-01-09 08:00:00,1610179200000,6.5389,6.95,6.3011,6.4672,735711.75,6.4672
2021-01-09 12:00:00,1610193600000,6.4678,7.2525,6.4192,7.0465,707860.1,7.0465
2021-01-09 16:00:00,1610208000000,7.0465,7.4563,6.8219,7.1732,427365.18,7.1732
2021-01-09 20:00:00,1610222400000,7.1607,7.487,6.93,7.1877,356819.96,7.1877
2021-01-10 00:00:00,1610236800000,7.2115,7.4969,6.9555,7.0153,361250.94,7.0153
2021-01-10 04:00:00,1610251200000,7.0175,7.311,6.9951,7.2128,138137.26,7.2128
2021-01-10 08:00:00,1610265600000,7.2291,7.2472,6.5655,6.5978,345570.2,6.5978
2021-01-10 12:00:00,1610280000000,6.5973,6.985,6.51,6.8276,256856.68,6.8276
2021-01-10 16:00:00,1610294400000,6.8329,7.0051,6.4043,6.4629,355851.15,6.4629
2021-01-10 20:00:00,1610308800000,6.4767,6.7944,6.15,6.5416,408246.92,6.5416
2021-01-11 00:00:00,1610323200000,6.541,6.541,5.8454,6.1348,381068.26,6.1348
2021-01-11 04:00:00,1610337600000,6.1348,6.2849,5.81,6.1071,275047.22,6.1071
2021-01-11 08:00:00,1610352000000,6.1052,6.75,6.0311,6.58,279614.04,6.58
2021-01-11 12:00:00,1610366400000,6.5737,7.0,5.72,6.0351,510755.11,6.0351
2021-01-11 16:00:00,1610380800000,6.0239,6.3395,5.7784,6.0114,410937.43,6.0114
2021-01-11 20:00:00,1610395200000,6.0103,6.5032,5.8766,6.4713,207703.46,6.4713
2021-01-12 00:00:00,1610409600000,6.4623,7.4089,6.4198,7.2204,606428.74,7.2204
2021-01-12 04:00:00,1610424000000,7.2222,7.9929,7.1269,7.8985,617759.24,7.8985
2021-01-12 08:00:00,1610438400000,7.9092,8.0779,7.4355,7.8774,585498.28,7.8774
2021-01-12 12:00:00,1610452800000,7.8777,8.2356,7.5145,7.9297,673388.51,7.9297
2021-01-12 16:00:00,1610467200000,7.9291,8.0798,7.4709,7.6439,390548.32,7.6439
2021-01-12 20:00:00,1610481600000,7.645,7.9,7.5133,7.72,264814.93,7.72
2021-01-13 00:00:00,1610496000000,7.7254,7.7552,7.1356,7.4293,305854.56,7.4293
2021-01-13 04:00:00,1610510400000,7.4146,7.89,7.2039,7.6402,306266.25,7.6402
2021-01-13 08:00:00,1610524800000,7.6446,8.0,7.562,7.6571,269756.76,7.6571
2021-01-13 12:00:00,1610539200000,7.6565,7.9696,7.605,7.7861,177283.02,7.7861
2021-01-13 16:00:00,1610553600000,7.7999,7.8891,7.5049,7.8131,233685.68,7.8131
2021-01-13 20:00:00,1610568000000,7.8133,8.5,7.7733,8.4695,419162.44,8.4695
2021-01-14 00:00:00,1610582400000,8.4693,8.62,8.2198,8.2896,199910.81,8.2896
2021-01-14 04:00:00,1610596800000,8.2901,8.449,8.21,8.3988,147270.21,8.3988
2021-01-14 08:00:00,1610611200000,8.3993,9.52,8.35,9.4095,459337.7,9.4095
2021-01-14 12:00:00,1610625600000,9.4008,9.6004,9.1612,9.4924,516078.76,9.4924
2021-01-14 16:00:00,1610640000000,9.4924,9.5712,8.8142,8.8413,659097.78,8.8413
2021-01-14 20:00:00,1610654400000,8.8438,9.5186,8.5137,9.3177,568355.82,9.3177
2021-01-15 00:00:00,1610668800000,9.3192,9.6142,9.02,9.183,286831.22,9.183
2021-01-15 04:00:00,1610683200000,9.1804,9.4655,8.8848,9.2708,307417.86,9.2708
2021-01-15 08:00:00,1610697600000,9.2735,9.8714,9.1418,9.56,294632.89,9.56
2021-01-15 12:00:00,1610712000000,9.5728,9.89,9.1203,9.186,426729.79,9.186
2021-01-15 16:00:00,1610726400000,9.1897,9.434,8.57,9.0588,466017.63,9.0588
2021-01-15 20:00:00,1610740800000,9.05,9.5926,9.0,9.3794,209563.57,9.3794
2021-01-16 00:00:00,1610755200000,9.3795,9.5211,9.1629,9.2884,195782.99,9.2884
2021-01-16 04:00:00,1610769600000,9.2999,9.87,9.1847,9.8455,187621.9,9.8455
2021-01-16 08:00:00,1610784000000,9.8449,12.0122,9.73,11.7363,1151090.68,11.7363
2021-01-16 12:00:00,1610798400000,11.7363,13.4991,11.3023,12.736,1184555.08,12.736
2021-01-16 16:00:00,1610812800000,12.736,13.2386,12.2512,13.0106,636065.85,13.0106
2021-01-16 20:00:00,1610827200000,13.038,13.4327,12.4124,12.8421,543601.11,12.8421
2021-01-17 00:00:00,1610841600000,12.8222,13.92,12.3883,13.5901,543169.54,13.5901
2021-01-17 04:00:00,1610856000000,13.5871,14.69,12.6857,12.998,731742.27,12.998
2021-01-17 08:00:00,1610870400000,12.985,14.0273,12.5511,13.6878,594166.3,13.6878
2021-01-17 12:00:00,1610884800000,13.6865,13.742,12.9,13.1507,272862.88,13.1507
2021-01-17 16:00:00,1610899200000,13.1232,13.1548,12.3231,12.7184,430238.39,12.7184
2021-01-17 20:00:00,1610913600000,12.7247,14.4,12.645,13.1746,996677.3,13.1746
2021-01-18 00:00:00,1610928000000,13.1748,13.2347,12.5737,12.6575,200515.28,12.6575
2021-01-18 04:00:00,1610942400000,12.6602,13.85,12.6394,13.8185,214235.24,13.8185
2021-01-18 08:00:00,1610956800000,13.7853,13.858,13.0286,13.2134,321880.84,13.2134
2021-01-18 12:00:00,1610971200000,13.2053,13.65,13.0,13.2897,209297.77,13.2897
2021-01-18 16:00:00,1610985600000,13.2951,13.5471,13.1539,13.5269,152273.7,13.5269
2021-01-18 20:00:00,1611000000000,13.5269,13.5999,12.5854,12.7035,219169.59,12.7035
2021-01-19 00:00:00,1611014400000,12.6825,12.7506,12.0717,12.1546,263518.0,12.1546
2021-01-19 04:00:00,1611028800000,12.1725,13.1774,12.1547,12.6911,216284.89,12.6911
2021-01-19 08:00:00,1611043200000,12.7277,13.4799,12.6799,12.7123,251898.55,12.7123
2021-01-19 12:00:00,1611057600000,12.7142,12.9809,12.6,12.8121,110338.41,12.8121
2021-01-19 16:00:00,1611072000000,12.8149,14.0,11.3433,11.6546,647765.47,11.6546
2021-01-19 20:00:00,1611086400000,11.645,12.4,11.58,11.7367,357116.58,11.7367
2021-01-20 00:00:00,1611100800000,11.7346,12.1291,11.6076,11.6188,123689.7,11.6188
2021-01-20 04:00:00,1611115200000,11.6146,12.2363,11.6006,12.0268,122051.55,12.0268
2021-01-20 08:00:00,1611129600000,12.0293,12.5,11.25,11.2509,319864.59,11.2509
2021-01-20 12:00:00,1611144000000,11.2693,12.0005,11.03,11.8386,213103.89,11.8386
2021-01-20 16:00:00,1611158400000,11.8071,13.012,11.8,13.012,451246.61,13.012
2021-01-20 20:00:00,1611172800000,13.012,13.0765,12.1782,12.3768,285473.19,12.3768
2021-01-21 00:00:00,1611187200000,12.3768,12.5453,12.1647,12.461,92981.35,12.461
2021-01-21 04:00:00,1611201600000,12.4342,13.0147,12.0238,12.5558,256607.58,12.5558
2021-01-21 08:00:00,1611216000000,12.5677,12.572,11.6061,12.0197,286430.92,12.0197
2021-01-21 12:00:00,1611230400000,12.0197,12.72,11.7129,11.8418,622697.58,11.8418
2021-01-21 16:00:00,1611244800000,11.8141,12.08,11.5797,12.063,204568.98,12.063
2021-01-21 20:00:00,1611259200000,12.063,12.179,11.0659,11.3225,247495.9,11.3225
2021-01-22 00:00:00,1611273600000,11.3329,11.9757,10.673,11.9359,528741.23,11.9359
2021-01-22 04:00:00,1611288000000,11.9382,12.3315,11.5617,11.6576,266641.57,11.6576
2021-01-22 08:00:00,1611302400000,11.6561,11.9195,11.5194,11.6591,303355.9,11.6591
2021-01-22 12:00:00,1611316800000,11.6967,12.8447,11.6967,12.5337,358109.59,12.5337
2021-01-22 16:00:00,1611331200000,12.531,13.2429,12.3241,13.1198,501910.6,13.1198
2021-01-22 20:00:00,1611345600000,13.1177,13.3899,12.6425,12.7097,291843.53,12.7097
2021-01-23 00:00:00,1611360000000,12.7153,13.249,12.5059,13.0927,185823.15,13.0927
2021-01-23 04:00:00,1611374400000,13.075,13.35,12.9388,13.2349,125631.39,13.2349
2021-01-23 08:00:00,1611388800000,13.2354,13.48,12.58,12.75,220754.21,12.75
2021-01-23 12:00:00,1611403200000,12.7345,13.2399,12.5347,13.046,326286.88,13.046
2021-01-23 16:00:00,1611417600000,13.046,13.2856,12.745,13.005,226503.4,13.005
2021-01-23 20:00:00,1611432000000,13.005,13.1,12.7394,12.8669,139350.05,12.8669
2021-01-24 00:00:00,1611446400000,12.8914,13.15,12.61,12.6795,175820.55,12.6795
2021-01-24 04:00:00,1611460800000,12.6866,13.0058,12.6611,12.9681,106322.12,12.9681
2021-01-24 08:00:00,1611475200000,12.964,13.1725,12.75,13.1479,97712.29,13.1479
2021-01-24 12:00:00,1611489600000,13.1486,13.1725,12.5609,12.6745,209620.37,12.6745
2021-01-24 16:00:00,1611504000000,12.6821,12.8139,12.2,12.2894,213844.13,12.2894
2021-01-24 20:00:00,1611518400000,12.289,12.5364,12.2701,12.4801,103859.66,12.4801
2021-01-25 00:00:00,1611532800000,12.4801,12.897,12.3061,12.8833,140553.31,12.8833
2021-01-25 04:00:00,1611547200000,12.897,12.95,12.7113,12.77,68983.74,12.77
2021-01-25 08:00:00,1611561600000,12.77,12.86,12.4286,12.6723,114738.55,12.6723
2021-01-25 12:00:00,1611576000000,12.6717,12.8501,12.5313,12.7915,86101.17,12.7915
2021-01-25 16:00:00,1611590400000,12.7915,12.82,12.2571,12.3814,90926.29,12.3814
2021-01-25 20:00:00,1611604800000,12.3846,12.3871,12.0598,12.1816,112570.61,12.1816
2021-01-26 00:00:00,1611619200000,12.1816,12.666,11.796,11.8414,107515.39,11.8414
2021-01-26 04:00:00,1611633600000,11.8371,12.1358,11.8191,12.0215,68868.76,12.0215
2021-01-26 08:00:00,1611648000000,12.041,12.0568,11.48,11.8961,168818.08,11.8961
2021-01-26 12:00:00,1611662400000,11.8944,11.9735,11.3804,11.8912,136195.43,11.8912
2021-01-26 16:00:00,1611676800000,11.8973,12.7333,11.6031,12.4677,246063.04,12.4677
2021-01-26 20:00:00,1611691200000,12.4726,12.6,12.05,12.2088,145953.48,12.2088
2021-01-27 00:00:00,1611705600000,12.178,12.215,11.56,11.6688,118987.72,11.6688
2021-01-27 04:00:00,1611720000000,11.6688,12.024,11.51,11.8698,77342.68,11.8698
2021-01-27 08:00:00,1611734400000,11.8629,11.8629,11.3015,11.3521,129020.53,11.3521
2021-01-27 12:00:00,1611748800000,11.33,11.5491,10.77,11.3866,191530.65,11.3866
2021-01-27 16:00:00,1611763200000,11.3866,11.5899,10.9753,11.3449,127578.37,11.3449
2021-01-27 20:00:00,1611777600000,11.3178,11.4887,11.0608,11.158,95875.51,11.158
2021-01-28 00:00:00,1611792000000,11.1379,11.4123,10.8,11.4084,49188.47,11.4084
2021-01-28 04:00:00,1611806400000,11.4084,11.8433,11.2299,11.4113,79933.07,11.4113
2021-01-28 08:00:00,1611820800000,11.4088,12.0954,11.3001,11.8425,96912.49,11.8425
2021-01-28 12:00:00,1611835200000,11.8693,12.7524,11.7574,12.264,546373.0,12.264
2021-01-28 16:00:00,1611849600000,12.2731,12.39,11.9,12.1002,204816.69,12.1002
2021-01-28 20:00:00,1611864000000,12.1066,12.2859,11.94,11.9615,114739.12,11.9615
2021-01-29 00:00:00,1611878400000,11.9596,12.4604,11.7395,11.7762,270608.31,11.7762
2021-01-29 04:00:00,1611892800000,11.7624,12.6757,11.3145,11.7299,512358.71,11.7299
2021-01-29 08:00:00,1611907200000,11.7275,12.1444,11.54,11.9799,312770.93,11.9799
2021-01-29 12:00:00,1611921600000,11.9799,12.0292,11.686,11.7963,153705.06,11.7963
2021-01-29 16:00:00,1611936000000,11.801,11.8998,11.4233,11.6093,129178.29,11.6093
2021-01-29 20:00:00,1611950400000,11.6093,11.7381,11.5125,11.6158,91576.15,11.6158
2021-01-30 00:00:00,1611964800000,11.6158,11.6926,11.293,11.6862,95080.83,11.6862
2021-01-30 04:00:00,1611979200000,11.6875,12.65,11.5967,12.1262,298310.36,12.1262
2021-01-30 08:00:00,1611993600000,12.1263,12.1539,11.66,11.6827,161483.27,11.6827
2021-01-30 12:00:00,1612008000000,11.6802,11.8766,11.42,11.8468,234797.9,11.8468
2021-01-30 16:00:00,1612022400000,11.8468,12.0862,11.55,11.8152,172893.37,11.8152
2021-01-30 20:00:00,1612036800000,11.8399,12.2245,11.8017,12.0433,160259.32,12.0433
2021-01-31 00:00:00,1612051200000,12.0125,12.37,11.83,12.2204,123345.17,12.2204
2021-01-31 04:00:00,1612065600000,12.2184,12.5,12.1686,12.3518,219013.34,12.3518
2021-01-31 08:00:00,1612080000000,12.3423,14.024,12.2511,13.6121,1345770.56,13.6121
2021-01-31 12:00:00,1612094400000,13.6112,15.3728,13.0,13.2746,1959388.89,13.2746
2021-01-31 16:00:00,1612108800000,13.2901,14.1369,12.5582,13.2122,843947.0,13.2122
2021-01-31 20:00:00,1612123200000,13.2122,13.6786,12.51,13.4704,526481.75,13.4704
2021-02-01 00:00:00,1612137600000,13.4704,13.6408,12.5741,12.6806,741595.86,12.6806
2021-02-01 04:00:00,1612152000000,12.6802,13.4699,12.6534,13.1827,211515.44,13.1827
2021-02-01 08:00:00,1612166400000,13.1827,13.59,12.7688,12.8981,266638.16,12.8981
2021-02-01 12:00:00,1612180800000,12.8852,13.0467,12.61,12.8763,204654.01,12.8763
2021-02-01 16:00:00,1612195200000,12.8705,13.0187,12.7106,12.9513,125823.93,12.9513
2021-02-01 20:00:00,1612209600000,12.9645,13.3159,12.8652,13.2153,270664.5,13.2153
2021-02-02 00:00:00,1612224000000,13.2105,13.5474,12.768,12.7979,176018.11,12.7979
2021-02-02 04:00:00,1612238400000,12.7707,13.2686,12.765,12.9606,92420.79,12.9606
2021-02-02 08:00:00,1612252800000,12.9508,13.25,12.8723,13.1686,142518.56,13.1686
2021-02-02 12:00:00,1612267200000,13.1759,13.2,13.0158,13.0933,79683.45,13.0933
2021-02-02 16:00:00,1612281600000,13.0933,13.349,13.051,13.235,94907.08,13.235
2021-02-02 20:00:00,1612296000000,13.2346,13.725,13.0146,13.4703,163197.42,13.4703
2021-02-03 00:00:00,1612310400000,13.47,13.5568,13.1814,13.3488,81243.03,13.3488
2021-02-03 04:00:00,1612324800000,13.3508,14.2947,13.202,14.1752,193326.32,14.1752
2021-02-03 08:00:00,1612339200000,14.1752,14.2299,13.6081,13.9044,312999.5,13.9044
2021-02-03 12:00:00,1612353600000,13.9043,14.1,13.6975,14.0053,180848.8,14.0053
2021-02-03 16:00:00,1612368000000,14.0112,14.6862,13.8114,14.44,263107.25,14.44
2021-02-03 20:00:00,1612382400000,14.4375,14.9409,14.1104,14.84,235921.22,14.84
2021-02-04 00:00:00,1612396800000,14.84,15.4641,14.606,14.6609,421691.29,14.6609
2021-02-04 04:00:00,1612411200000,14.67,15.8795,14.4836,15.4701,230575.6,15.4701
2021-02-04 08:00:00,1612425600000,15.4703,15.4933,13.7978,14.8339,495224.95,14.8339
2021-02-04 12:00:00,1612440000000,14.8346,15.2756,14.3568,14.705,240721.34,14.705
2021-02-04 16:00:00,1612454400000,14.7133,15.23,14.6352,15.0027,130105.08,15.0027
2021-02-04 20:00:00,1612468800000,14.9925,15.5,14.9245,15.2697,131030.22,15.2697
2021-02-05 00:00:00,1612483200000,15.2738,15.8,15.1206,15.8,151193.2,15.8
2021-02-05 04:00:00,1612497600000,15.8,16.393,15.4038,16.0949,186363.42,16.0949
2021-02-05 08:00:00,1612512000000,16.0973,16.92,16.0941,16.668,319608.41,16.668
2021-02-05 12:00:00,1612526400000,16.668,17.2858,16.2956,17.2534,304602.84,17.2534
2021-02-05 16:00:00,1612540800000,17.2533,18.0321,16.7742,17.1752,511138.59,17.1752
2021-02-05 20:00:00,1612555200000,17.1749,17.9397,16.9537,17.8973,181534.97,17.8973
2021-02-06 00:00:00,1612569600000,17.8971,17.98,15.8,16.8112,333747.98,16.8112
2021-02-06 04:00:00,1612584000000,16.7981,17.3799,16.43,17.3086,181018.38,17.3086
2021-02-06 08:00:00,1612598400000,17.2852,18.2473,17.025,17.315,351196.7,17.315
2021-02-06 12:00:00,1612612800000,17.3148,17.8025,17.0611,17.1499,189859.19,17.1499
2021-02-06 16:00:00,1612627200000,17.1273,17.751,17.1,17.7033,128855.56,17.7033
2021-02-06 20:00:00,1612641600000,17.7037,18.6228,17.3127,18.1216,363015.52,18.1216
2021-02-07 00:00:00,1612656000000,18.1232,19.4899,17.8802,18.6177,489207.02,18.6177
2021-02-07 04:00:00,1612670400000,18.6148,19.5033,18.0001,19.4746,286525.02,19.4746
2021-02-07 08:00:00,1612684800000,19.4985,24.1306,18.9534,23.9503,1182102.95,23.9503
2021-02-07 12:00:00,1612699200000,23.9704,23.985,20.666,20.7072,1307057.09,20.7072
2021-02-07 16:00:00,1612713600000,20.6934,23.57,20.38,23.0975,1042589.77,23.0975
2021-02-07 20:00:00,1612728000000,23.1203,24.4268,22.11,23.705,577168.8,23.705
2021-02-08 00:00:00,1612742400000,23.7374,26.1539,23.55,23.8289,815014.96,23.8289
2021-02-08 04:00:00,1612756800000,23.845,29.3461,23.679,28.505,967136.39,28.505
2021-02-08 08:00:00,1612771200000,28.4501,31.7,27.9345,30.2645,1605824.49,30.2645
2021-02-08 12:00:00,1612785600000,30.2997,33.2758,27.2053,32.1525,951474.93,32.1525
2021-02-08 16:00:00,1612800000000,32.1525,33.8167,30.52,31.9974,937810.51,31.9974
2021-02-08 20:00:00,1612814400000,32.0011,32.4622,29.1887,30.056,497600.8,30.056
2021-02-09 00:00:00,1612828800000,30.0564,30.2873,28.55,29.9235,474839.46,29.9235
2021-02-09 04:00:00,1612843200000,29.9234,30.929,29.0,30.6754,328512.0,30.6754
2021-02-09 08:00:00,1612857600000,30.639,30.7808,28.9,28.9155,273771.61,28.9155
2021-02-09 12:00:00,1612872000000,28.9116,30.2924,27.4769,29.0011,544893.74,29.0011
2021-02-09 16:00:00,1612886400000,29.0011,32.6337,28.2809,31.2273,678571.38,31.2273
2021-02-09 20:00:00,1612900800000,31.218,33.0,30.7408,31.9194,363894.46,31.9194
2021-02-10 00:00:00,1612915200000,31.8487,44.0,31.3408,40.4198,1459171.83,40.4198
2021-02-10 04:00:00,1612929600000,40.4804,45.2116,38.6149,43.1437,880276.53,43.1437
2021-02-10 08:00:00,1612944000000,43.1338,54.45,42.1952,53.5742,1037256.15,53.5742
2021-02-10 12:00:00,1612958400000,53.5667,57.999,42.0,47.0115,2739090.14,47.0115
2021-02-10 16:00:00,1612972800000,47.0116,55.9,45.2499,52.8712,1834790.71,52.8712
2021-02-10 20:00:00,1612987200000,52.84,60.3035,52.84,54.6861,1765169.65,54.6861
2021-02-11 00:00:00,1613001600000,54.6872,55.4103,47.9,50.6725,714969.38,50.6725
2021-02-11 04:00:00,1613016000000,50.6725,56.4998,50.6725,52.6561,499168.22,52.6561
2021-02-11 08:00:00,1613030400000,52.6561,52.8568,48.0583,48.29,651530.32,48.29
2021-02-11 12:00:00,1613044800000,48.2852,50.3,46.7783,48.7635,515457.31,48.7635
2021-02-11 16:00:00,1613059200000,48.8159,48.9295,41.6728,47.1889,1213791.58,47.1889
2021-02-11 20:00:00,1613073600000,47.1441,48.4044,43.5,46.9673,716007.56,46.9673
2021-02-12 00:00:00,1613088000000,46.9726,47.4789,44.46,44.5089,264002.32,44.5089
2021-02-12 04:00:00,1613102400000,44.5088,52.3,43.5,51.7489,647099.42,51.7489
2021-02-12 08:00:00,1613116800000,51.7808,54.4775,48.7494,49.49,798630.92,49.49
2021-02-12 12:00:00,1613131200000,49.4864,50.5046,46.0021,48.2658,494744.99,48.2658
2021-02-12 16:00:00,1613145600000,48.2658,52.7077,47.0862,49.7921,589963.18,49.7921
2021-02-12 20:00:00,1613160000000,49.7921,51.8997,48.1463,48.2978,415366.39,48.2978
2021-02-13 00:00:00,1613174400000,48.2961,51.3005,48.2961,51.1158,187730.27,51.1158
2021-02-13 04:00:00,1613188800000,51.107,51.9,49.0,49.0001,206787.56,49.0001
2021-02-13 08:00:00,1613203200000,49.0597,50.0266,44.2,46.5155,472988.0,46.5155
2021-02-13 12:00:00,1613217600000,46.5732,47.6317,45.0,46.5011,364254.21,46.5011
2021-02-13 16:00:00,1613232000000,46.5158,47.7613,44.47,45.8712,316601.9,45.8712
2021-02-13 20:00:00,1613246400000,45.8711,45.9508,43.4014,44.0832,342612.78,44.0832
2021-02-14 00:00:00,1613260800000,44.0691,44.3622,40.59,41.3813,541416.53,41.3813
2021-02-14 04:00:00,1613275200000,41.387,43.5,40.3,42.3511,343179.74,42.3511
2021-02-14 08:00:00,1613289600000,42.3528,45.75,41.9794,42.5928,559401.81,42.5928
2021-02-14 12:00:00,1613304000000,42.5963,44.8,40.3938,41.6373,558160.06,41.6373
2021-02-14 16:00:00,1613318400000,41.614,42.9642,41.3001,41.3995,253659.21,41.3995
2021-02-14 20:00:00,1613332800000,41.3958,42.1666,38.3724,39.1711,573706.79,39.1711
2021-02-15 00:00:00,1613347200000,39.17,39.6558,33.5,36.3463,1147884.09,36.3463
2021-02-15 04:00:00,1613361600000,36.3478,39.6538,33.74,39.5962,574186.09,39.5962
2021-02-15 08:00:00,1613376000000,39.5981,39.83,36.7632,39.6965,354164.43,39.6965
2021-02-15 12:00:00,1613390400000,39.6999,44.599,38.5,42.4686,773223.63,42.4686
2021-02-15 16:00:00,1613404800000,42.4335,43.0,40.7043,42.1,319805.12,42.1
2021-02-15 20:00:00,1613419200000,42.0821,44.98,35.3301,38.309,764039.84,38.309
2021-02-16 00:00:00,1613433600000,38.3362,40.0,36.0786,37.8339,437183.5,37.8339
2021-02-16 04:00:00,1613448000000,37.8331,38.23,37.0,37.598,261694.3,37.598
2021-02-16 08:00:00,1613462400000,37.598,39.5,37.1004,37.2212,441504.48,37.2212
2021-02-16 12:00:00,1613476800000,37.2212,38.458,36.5,37.025,508618.61,37.025
2021-02-16 16:00:00,1613491200000,37.0976,39.0933,35.2316,36.0055,437066.68,36.0055
2021-02-16 20:00:00,1613505600000,36.0044,39.07,35.1417,36.5402,470678.25,36.5402
2021-02-17 00:00:00,1613520000000,36.5402,37.4783,34.2871,34.8822,343882.41,34.8822
2021-02-17 04:00:00,1613534400000,34.8682,36.15,34.1386,36.0635,302235.81,36.0635
2021-02-17 08:00:00,1613548800000,36.0752,38.5183,35.2088,37.6829,574165.15,37.6829
2021-02-17 12:00:00,1613563200000,37.7987,42.1299,37.4,38.203,952453.79,38.203
2021-02-17 16:00:00,1613577600000,38.1495,39.03,37.1284,37.5559,471609.5,37.5559
2021-02-17 20:00:00,1613592000000,37.5523,37.9,35.8,37.3003,432333.56,37.3003
2021-02-18 00:00:00,1613606400000,37.3046,39.95,36.19,39.3,386813.29,39.3
2021-02-18 04:00:00,1613620800000,39.2847,42.295,38.3982,41.8593,522556.66,41.8593
2021-02-18 08:00:00,1613635200000,41.8812,44.4907,41.6177,42.6272,927104.74,42.6272
2021-02-18 12:00:00,1613649600000,42.639,42.9616,39.9534,41.0,716522.12,41.0
2021-02-18 16:00:00,1613664000000,40.9995,41.64,40.0276,41.38,305782.53,41.38
2021-02-18 20:00:00,1613678400000,41.3806,41.56,40.4,40.9656,238435.34,40.9656
2021-02-19 00:00:00,1613692800000,41.023,41.2754,37.5,38.3885,457979.56,38.3885
2021-02-19 04:00:00,1613707200000,38.4038,40.05,38.0099,39.7811,381495.23,39.7811
2021-02-19 08:00:00,1613721600000,39.8076,40.3491,39.0,39.7542,321038.37,39.7542
2021-02-19 12:00:00,1613736000000,39.7654,40.7909,38.3749,39.0223,398217.54,39.0223
2021-02-19 16:00:00,1613750400000,39.0195,40.2897,38.0412,38.885,215842.36,38.885
2021-02-19 20:00:00,1613764800000,38.8852,39.529,38.104,38.7274,273360.68,38.7274
2021-02-20 00:00:00,1613779200000,38.7264,39.5,37.5,38.3645,324359.91,38.3645
2021-02-20 04:00:00,1613793600000,38.4033,40.9,38.3028,39.6652,305128.37,39.6652
2021-02-20 08:00:00,1613808000000,39.6423,42.8463,39.3001,41.7097,773194.63,41.7097
2021-02-20 12:00:00,1613822400000,41.7065,41.9626,38.1207,39.3421,601388.14,39.3421
2021-02-20 16:00:00,1613836800000,39.342,40.3798,38.9054,39.5437,333201.06,39.5437
2021-02-20 20:00:00,1613851200000,39.5861,39.6165,31.9376,35.9985,1063414.94,35.9985
2021-02-21 00:00:00,1613865600000,35.9553,37.9197,34.7906,36.2151,292273.89,36.2151
2021-02-21 04:00:00,1613880000000,36.2104,37.6745,35.75,36.2525,218040.68,36.2525
2021-02-21 08:00:00,1613894400000,36.27,38.0037,36.0,37.5974,257124.91,37.5974
2021-02-21 12:00:00,1613908800000,37.6,37.7,36.2775,36.5,273418.28,36.5
2021-02-21 16:00:00,1613923200000,36.5,36.8,36.0011,36.35,223085.15,36.35
2021-02-21 20:00:00,1613937600000,36.3499,36.4033,34.9402,36.1855,252567.7,36.1855
2021-02-22 00:00:00,1613952000000,36.1932,36.2941,34.1,34.242,288471.29,34.242
2021-02-22 04:00:00,1613966400000,34.2267,35.281,33.32,35.2809,332846.15,35.2809
2021-02-22 08:00:00,1613980800000,35.2809,35.282,31.8118,32.95,419357.48,32.95
2021-02-22 12:00:00,1613995200000,32.9618,33.5608,25.47,31.5284,1155704.91,31.5284
2021-02-22 16:00:00,1614009600000,31.4843,32.5972,29.3344,31.95,496602.23,31.95
2021-02-22 20:00:00,1614024000000,31.9447,33.1,31.1666,32.1502,277228.65,32.1502
2021-02-23 00:00:00,1614038400000,32.1504,32.4108,29.0399,29.3448,444594.5,29.3448
2021-02-23 04:00:00,1614052800000,29.3324,30.0032,26.9,28.2697,595363.63,28.2697
2021-02-23 08:00:00,1614067200000,28.2933,28.5414,22.51,25.0,1051258.31,25.0
2021-02-23 12:00:00,1614081600000,25.0151,28.9295,24.6458,27.613,677574.23,27.613
2021-02-23 16:00:00,1614096000000,27.6061,28.3629,24.6989,25.0004,562436.07,25.0004
2021-02-23 20:00:00,1614110400000,25.0004,27.7,24.5,27.5924,326758.14,27.5924
2021-02-24 00:00:00,1614124800000,27.5966,28.6666,25.2501,27.881,579790.73,27.881
2021-02-24 04:00:00,1614139200000,27.9253,30.5686,26.8699,30.4918,585621.0,30.4918
2021-02-24 08:00:00,1614153600000,30.4697,32.2699,29.4389,30.5188,813169.94,30.5188
2021-02-24 12:00:00,1614168000000,30.5,31.53,27.4147,29.5354,611593.76,29.5354
2021-02-24 16:00:00,1614182400000,29.5353,30.0,28.2001,28.3506,287171.33,28.3506
2021-02-24 20:00:00,1614196800000,28.3206,30.1384,27.3018,29.7396,356483.79,29.7396
2021-02-25 00:00:00,1614211200000,29.732,32.1836,29.2399,29.8803,549700.26,29.8803
2021-02-25 04:00:00,1614225600000,29.872,30.7689,29.2294,30.4148,325453.27,30.4148
2021-02-25 08:00:00,1614240000000,30.4576,30.5,28.25,29.1881,335962.17,29.1881
2021-02-25 12:00:00,1614254400000,29.1868,31.1426,28.9229,30.1353,457660.82,30.1353
2021-02-25 16:00:00,1614268800000,30.1381,30.8673,28.6605,28.8781,397101.6,28.8781
2021-02-25 20:00:00,1614283200000,28.8658,28.9991,26.4439,26.7,365407.27,26.7
2021-02-26 00:00:00,1614297600000,26.7718,27.6899,25.9058,27.2618,302596.45,27.2618
2021-02-26 04:00:00,1614312000000,27.2496,27.58,24.7703,25.2881,385815.84,25.2881
2021-02-26 08:00:00,1614326400000,25.2625,26.9599,25.1254,26.3921,298558.87,26.3921
2021-02-26 12:00:00,1614340800000,26.4362,27.5263,26.2,27.3398,251729.32,27.3398
2021-02-26 16:00:00,1614355200000,27.3347,28.0474,26.2551,26.4268,321582.81,26.4268
2021-02-26 20:00:00,1614369600000,26.4292,26.6075,25.2,25.9695,243724.77,25.9695
2021-02-27 00:00:00,1614384000000,25.9695,26.8945,25.7687,26.0334,194761.83,26.0334
2021-02-27 04:00:00,1614398400000,26.1124,27.4999,25.7798,27.1801,279939.78,27.1801
2021-02-27 08:00:00,1614412800000,27.2292,27.3076,25.45,26.7895,336966.52,26.7895
2021-02-27 12:00:00,1614427200000,26.781,27.13,25.9324,26.1376,340766.87,26.1376
2021-02-27 16:00:00,1614441600000,26.1097,27.2321,25.8185,27.2321,212263.25,27.2321
2021-02-27 20:00:00,1614456000000,27.2101,27.25,25.0,25.7616,326212.47,25.7616
2021-02-28 00:00:00,1614470400000,25.7423,25.9299,23.58,23.6534,318666.34,23.6534
2021-02-28 04:00:00,1614484800000,23.6848,24.2426,22.7544,23.08,270104.89,23.08
2021-02-28 08:00:00,1614499200000,23.071,24.5948,23.0691,24.138,284499.91,24.138
2021-02-28 12:00:00,1614513600000,24.1519,24.3088,22.1533,22.445,308765.54,22.445
2021-02-28 16:00:00,1614528000000,22.4376,23.8196,22.1237,23.8029,262868.36,23.8029
2021-02-28 20:00:00,1614542400000,23.7902,25.0001,23.1501,23.9566,372092.11,23.9566
2021-03-01 00:00:00,1614556800000,23.9698,26.5606,23.6073,24.6936,385066.79,24.6936
2021-03-01 04:00:00,1614571200000,24.6849,25.6608,24.1248,24.6645,256694.81,24.6645
2021-03-01 08:00:00,1614585600000,24.671,26.9621,24.66,26.5,393972.94,26.5
2021-03-01 12:00:00,1614600000000,26.5,27.195,25.75,27.1934,418950.54,27.1934
2021-03-01 16:00:00,1614614400000,27.1987,27.3219,25.4357,25.7654,393776.77,25.7654
2021-03-01 20:00:00,1614628800000,25.7663,27.8227,25.76,27.5107,401574.83,27.5107
2021-03-02 00:00:00,1614643200000,27.5189,29.5,27.01,27.2691,611792.72,27.2691
2021-03-02 04:00:00,1614657600000,27.3116,27.4242,25.9,26.4812,304275.13,26.4812
2021-03-02 08:00:00,1614672000000,26.4991,28.8045,26.4599,28.2486,620884.51,28.2486
2021-03-02 12:00:00,1614686400000,28.2409,31.99,28.1801,28.3808,1982194.81,28.3808
2021-03-02 16:00:00,1614700800000,28.4128,28.7891,26.1052,26.5161,1013701.36,26.5161
2021-03-02 20:00:00,1614715200000,26.5141,27.3599,25.8604,27.1101,691020.34,27.1101
2021-03-03 00:00:00,1614729600000,27.1144,27.6257,26.5202,26.6632,256348.42,26.6632
2021-03-03 04:00:00,1614744000000,26.6807,29.0866,26.6697,28.1468,499608.45,28.1468
2021-03-03 08:00:00,1614758400000,28.1764,29.4503,27.76,28.2595,545395.76,28.2595
2021-03-03 12:00:00,1614772800000,28.2598,28.85,27.22,27.6085,515039.2,27.6085
2021-03-03 16:00:00,1614787200000,27.6113,29.029,27.4509,28.1875,666272.51,28.1875
2021-03-03 20:00:00,1614801600000,28.1543,28.2303,27.2,27.22,359276.53,27.22
2021-03-04 00:00:00,1614816000000,27.2126,28.82,26.7723,27.0387,583198.13,27.0387
2021-03-04 04:00:00,1614830400000,27.0377,27.6637,26.6124,27.3991,426029.05,27.3991
2021-03-04 08:00:00,1614844800000,27.4138,27.8753,26.517,26.9114,513925.35,26.9114
2021-03-04 12:00:00,1614859200000,26.9114,27.1574,26.0286,26.2231,559467.1,26.2231
2021-03-04 16:00:00,1614873600000,26.2204,26.659,24.2222,25.1244,693606.55,25.1244
2021-03-04 20:00:00,1614888000000,25.1245,25.85,24.6845,25.7781,311520.95,25.7781
2021-03-05 00:00:00,1614902400000,25.7781,25.7781,23.5269,24.41,440768.32,24.41
2021-03-05 04:00:00,1614916800000,24.4101,24.9777,23.7334,24.7967,332169.61,24.7967
2021-03-05 08:00:00,1614931200000,24.7883,24.977,23.7634,24.8944,390309.19,24.8944
2021-03-05 12:00:00,1614945600000,24.8939,25.61,24.3934,24.44,495777.45,24.44
2021-03-05 16:00:00,1614960000000,24.4536,25.0816,23.89,24.9712,387920.24,24.9712
2021-03-05 20:00:00,1614974400000,24.9456,25.1828,24.2229,24.2414,320155.09,24.2414
2021-03-06 00:00:00,1614988800000,24.2708,24.6347,24.0,24.1401,149289.5,24.1401
2021-03-06 04:00:00,1615003200000,24.1548,25.5,23.8267,25.1472,300261.78,25.1472
2021-03-06 08:00:00,1615017600000,25.1563,25.4,24.5329,24.8391,307221.94,24.8391
2021-03-06 12:00:00,1615032000000,24.8128,24.8591,23.9175,24.2417,221111.98,24.2417
2021-03-06 16:00:00,1615046400000,24.2687,24.9999,24.1542,24.714,213520.87,24.714
2021-03-06 20:00:00,1615060800000,24.7142,25.45,24.5,24.911,292456.21,24.911
2021-03-07 00:00:00,1615075200000,24.9225,26.6021,24.9225,25.7667,428719.65,25.7667
2021-03-07 04:00:00,1615089600000,25.7845,27.3137,25.5937,27.2637,445825.07,27.2637
2021-03-07 08:00:00,1615104000000,27.2576,27.95,26.7189,27.1874,675569.31,27.1874
2021-03-07 12:00:00,1615118400000,27.2067,27.9204,26.4808,27.2069,566839.72,27.2069
2021-03-07 16:00:00,1615132800000,27.2162,27.4723,26.011,26.2616,423225.88,26.2616
2021-03-07 20:00:00,1615147200000,26.2337,26.8,25.6179,26.6863,470793.18,26.6863
2021-03-08 00:00:00,1615161600000,26.6884,26.98,25.6218,25.9658,288552.31,25.9658
2021-03-08 04:00:00,1615176000000,25.9642,27.1147,25.731,26.0053,284559.29,26.0053
2021-03-08 08:00:00,1615190400000,26.0057,26.1631,24.8921,25.739,473308.85,25.739
2021-03-08 12:00:00,1615204800000,25.7612,26.1492,25.2136,26.1231,376355.9,26.1231
2021-03-08 16:00:00,1615219200000,26.1231,26.3,25.4745,26.0736,406344.72,26.0736
2021-03-08 20:00:00,1615233600000,26.0831,26.1694,25.1665,25.6179,353816.79,25.6179
2021-03-09 00:00:00,1615248000000,25.6178,26.0999,23.4102,25.0342,2148753.67,25.0342
2021-03-09 04:00:00,1615262400000,25.0433,25.3,24.6135,25.1696,603366.32,25.1696
2021-03-09 08:00:00,1615276800000,25.1745,28.8584,25.1527,28.07,1781096.92,28.07
2021-03-09 12:00:00,1615291200000,28.0776,29.4999,26.6326,29.499,1432065.47,29.499
2021-03-09 16:00:00,1615305600000,29.4971,31.5,28.8066,30.5541,2284750.55,30.5541
2021-03-09 20:00:00,1615320000000,30.5341,34.7857,30.1972,34.314,2261770.82,34.314
2021-03-10 00:00:00,1615334400000,34.3007,35.8,30.5032,31.4534,2398369.12,31.4534
2021-03-10 04:00:00,1615348800000,31.4641,33.3002,31.0583,32.7448,1329606.05,32.7448
2021-03-10 08:00:00,1615363200000,32.7658,33.6992,30.6199,31.1115,1339881.13,31.1115
2021-03-10 12:00:00,1615377600000,31.1154,32.3,30.8344,31.2045,1084067.31,31.2045
2021-03-10 16:00:00,1615392000000,31.2,32.0942,30.2189,30.5755,936346.43,30.5755
2021-03-10 20:00:00,1615406400000,30.5704,30.6315,28.691,29.5858,1346789.81,29.5858
2021-03-11 00:00:00,1615420800000,29.6171,30.2139,28.4,29.7363,758168.1,29.7363
2021-03-11 04:00:00,1615435200000,29.75,30.4738,28.9633,29.5355,568535.42,29.5355
2021-03-11 08:00:00,1615449600000,29.5673,32.8149,28.78,31.8501,1484972.61,31.8501
2021-03-11 12:00:00,1615464000000,31.866,32.8333,30.713,31.3527,1030000.26,31.3527
2021-03-11 16:00:00,1615478400000,31.3343,31.7904,30.4609,30.5712,951717.55,30.5712
2021-03-11 20:00:00,1615492800000,30.5797,31.772,30.5376,30.8005,481919.61,30.8005
2021-03-12 00:00:00,1615507200000,30.798,31.5823,29.6069,31.5452,666143.9,31.5452
2021-03-12 04:00:00,1615521600000,31.5287,31.5669,30.0,30.3355,484515.8,30.3355
2021-03-12 08:00:00,1615536000000,30.3339,30.9619,29.1,29.6265,645705.15,29.6265
2021-03-12 12:00:00,1615550400000,29.6469,29.959,27.3681,29.0184,1148975.49,29.0184
2021-03-12 16:00:00,1615564800000,28.9929,29.2716,27.9163,27.9164,482723.54,27.9164
2021-03-12 20:00:00,1615579200000,27.92,28.5,26.7837,27.9561,597238.64,27.9561
2021-03-13 00:00:00,1615593600000,27.9469,28.3622,26.8568,27.8284,428632.54,27.8284
2021-03-13 04:00:00,1615608000000,27.8131,29.0,27.6051,28.202,375317.19,28.202
2021-03-13 08:00:00,1615622400000,28.2031,29.7248,27.33,28.8768,714196.01,28.8768
2021-03-13 12:00:00,1615636800000,28.8616,29.7,28.7,29.3741,635135.72,29.3741
2021-03-13 16:00:00,1615651200000,29.3741,33.2249,29.3726,31.0441,1932763.1,31.0441
2021-03-13 20:00:00,1615665600000,31.0195,31.7035,30.6096,30.8799,555865.42,30.8799
2021-03-14 00:00:00,1615680000000,30.9086,31.8902,29.9559,31.3098,443643.28,31.3098
2021-03-14 04:00:00,1615694400000,31.3303,31.4,30.0,30.2603,328413.86,30.2603
2021-03-14 08:00:00,1615708800000,30.2649,32.3,30.1575,30.9805,798349.85,30.9805
2021-03-14 12:00:00,1615723200000,30.9679,31.3251,29.64,29.9233,526801.67,29.9233
2021-03-14 16:00:00,1615737600000,29.9214,30.3861,29.6523,29.8416,367531.42,29.8416
2021-03-14 20:00:00,1615752000000,29.8418,30.325,28.8,28.8423,441222.73,28.8423
2021-03-15 00:00:00,1615766400000,28.8383,29.8744,28.7,29.662,288446.82,29.662
2021-03-15 04:00:00,1615780800000,29.6913,30.3361,27.4733,28.3133,548480.03,28.3133
2021-03-15 08:00:00,1615795200000,28.2747,28.7036,27.0,28.5332,635863.67,28.5332
2021-03-15 12:00:00,1615809600000,28.5089,29.7,27.7632,28.9399,582580.43,28.9399
2021-03-15 16:00:00,1615824000000,28.9277,30.6472,28.3478,29.785,776805.0,29.785
2021-03-15 20:00:00,1615838400000,29.785,30.1965,28.8381,28.9472,391080.22,28.9472
2021-03-16 00:00:00,1615852800000,28.9221,29.5778,27.5189,28.2356,443684.39,28.2356
2021-03-16 04:00:00,1615867200000,28.2443,29.6412,27.8254,29.4335,356374.64,29.4335
2021-03-16 08:00:00,1615881600000,29.4372,30.3502,28.9448,29.2975,435770.97,29.2975
2021-03-16 12:00:00,1615896000000,29.2658,31.38,28.71,30.7397,689523.57,30.7397
2021-03-16 16:00:00,1615910400000,30.7699,31.1017,29.53,31.031,748836.03,31.031
2021-03-16 20:00:00,1615924800000,31.031,33.25,31.0153,33.036,1245070.74,33.036
2021-03-17 00:00:00,1615939200000,33.036,33.9899,31.7556,32.5641,891695.67,32.5641
2021-03-17 04:00:00,1615953600000,32.5562,32.9582,31.5535,32.6461,443918.37,32.6461
2021-03-17 08:00:00,1615968000000,32.5997,33.5,30.5307,31.3653,840059.17,31.3653
2021-03-17 12:00:00,1615982400000,31.3347,31.7005,30.7995,31.6299,656269.84,31.6299
2021-03-17 16:00:00,1615996800000,31.6096,32.6284,30.9,31.8659,508723.92,31.8659
2021-03-17 20:00:00,1616011200000,31.8873,33.0725,31.8658,32.6789,370635.24,32.6789
2021-03-18 00:00:00,1616025600000,32.6789,34.0,32.4384,32.5477,490704.73,32.5477
2021-03-18 04:00:00,1616040000000,32.5364,32.9982,31.8187,32.1874,313306.61,32.1874
2021-03-18 08:00:00,1616054400000,32.19,33.8817,31.9593,32.98,506817.15,32.98
2021-03-18 12:00:00,1616068800000,32.9659,34.9,32.3266,34.8968,1036019.86,34.8968
2021-03-18 16:00:00,1616083200000,34.8967,35.6073,32.956,33.0201,971628.43,33.0201
2021-03-18 20:00:00,1616097600000,33.0004,34.5781,32.5502,33.2132,465866.71,33.2132
2021-03-19 00:00:00,1616112000000,33.2131,33.8721,31.3409,33.293,484382.96,33.293
2021-03-19 04:00:00,1616126400000,33.3062,34.55,33.0561,34.1469,338102.77,34.1469
2021-03-19 08:00:00,1616140800000,34.15,37.49,34.0207,37.1233,1226359.95,37.1233
2021-03-19 12:00:00,1616155200000,37.1484,38.4866,36.0613,36.2896,1118086.36,36.2896
2021-03-19 16:00:00,1616169600000,36.3041,38.4731,35.8669,38.3134,808082.22,38.3134
2021-03-19 20:00:00,1616184000000,38.3327,38.3986,36.7297,37.3166,586553.11,37.3166
2021-03-20 00:00:00,1616198400000,37.3219,39.3,37.1069,38.2525,568206.97,38.2525
2021-03-20 04:00:00,1616212800000,38.2336,38.7729,37.545,37.5749,332307.19,37.5749
2021-03-20 08:00:00,1616227200000,37.59,37.82,36.18,36.4045,491327.42,36.4045
2021-03-20 12:00:00,1616241600000,36.3962,36.7201,35.9029,36.0836,343640.06,36.0836
2021-03-20 16:00:00,1616256000000,36.0936,36.4506,35.3615,35.9864,386464.78,35.9864
2021-03-20 20:00:00,1616270400000,35.9823,36.0253,34.1701,34.2022,423362.89,34.2022
2021-03-21 00:00:00,1616284800000,34.1783,35.4516,33.5322,34.1694,456668.13,34.1694
2021-03-21 04:00:00,1616299200000,34.1694,34.5813,33.1301,34.2652,336342.48,34.2652
2021-03-21 08:00:00,1616313600000,34.2779,34.7377,32.1366,32.8214,877841.55,32.8214
2021-03-21 12:00:00,1616328000000,32.8075,33.6485,32.0001,33.2197,459911.19,33.2197
2021-03-21 16:00:00,1616342400000,33.2113,33.6001,32.6125,33.0053,391596.78,33.0053
2021-03-21 20:00:00,1616356800000,33.0195,33.8547,32.6201,32.8117,295222.57,32.8117
2021-03-22 00:00:00,1616371200000,32.8109,32.8549,31.2233,32.3406,384609.73,32.3406
2021-03-22 04:00:00,1616385600000,32.3406,33.2317,32.2025,32.9979,278265.94,32.9979
2021-03-22 08:00:00,1616400000000,33.0294,33.5892,32.1582,33.0095,357459.64,33.0095
2021-03-22 12:00:00,1616414400000,33.0107,33.3872,31.8089,32.268,501701.04,32.268
2021-03-22 16:00:00,1616428800000,32.2679,32.5,31.0,31.1164,451598.63,31.1164
2021-03-22 20:00:00,1616443200000,31.1147,31.3757,28.6202,29.17,845452.13,29.17
2021-03-23 00:00:00,1616457600000,29.1805,30.72,29.0,29.65,324676.14,29.65
2021-03-23 04:00:00,1616472000000,29.6529,29.9062,28.1111,29.6746,421592.58,29.6746
2021-03-23 08:00:00,1616486400000,29.6709,30.4394,29.0,29.2402,419112.63,29.2402
2021-03-23 12:00:00,1616500800000,29.2516,30.6,29.2516,30.5053,321506.07,30.5053
2021-03-23 16:00:00,1616515200000,30.4886,30.8899,29.0884,29.2466,392196.61,29.2466
2021-03-23 20:00:00,1616529600000,29.2467,29.34,28.246,28.4704,329213.97,28.4704
2021-03-24 00:00:00,1616544000000,28.4541,28.751,27.6446,28.1802,398720.55,28.1802
2021-03-24 04:00:00,1616558400000,28.1582,29.8,27.8001,29.5446,419865.05,29.5446
2021-03-24 08:00:00,1616572800000,29.5118,30.4914,29.4468,29.5778,439793.1,29.5778
2021-03-24 12:00:00,1616587200000,29.5637,30.2352,29.2614,29.3898,370616.67,29.3898
2021-03-24 16:00:00,1616601600000,29.3898,29.4869,27.7329,27.9271,451747.43,27.9271
2021-03-24 20:00:00,1616616000000,27.9271,28.27,24.6652,25.8387,843981.02,25.8387
2021-03-25 00:00:00,1616630400000,25.8,26.2178,24.3291,25.918,584117.08,25.918
2021-03-25 04:00:00,1616644800000,25.9533,27.1629,25.6821,26.3689,388507.54,26.3689
2021-03-25 08:00:00,1616659200000,26.3701,27.5152,26.1041,26.3258,333026.35,26.3258
2021-03-25 12:00:00,1616673600000,26.3294,26.597,25.02,25.4886,632958.89,25.4886
2021-03-25 16:00:00,1616688000000,25.4691,26.25,25.0254,25.7669,371450.22,25.7669
2021-03-25 20:00:00,1616702400000,25.7669,26.6049,25.45,25.825,306850.81,25.825
2021-03-26 00:00:00,1616716800000,25.8109,27.632,25.7873,27.2531,462872.96,27.2531
2021-03-26 04:00:00,1616731200000,27.2603,28.3305,27.11,28.0872,361335.13,28.0872
2021-03-26 08:00:00,1616745600000,28.1097,28.2782,27.2102,27.6772,414800.91,27.6772
2021-03-26 12:00:00,1616760000000,27.6553,28.5529,27.4922,28.1775,365511.14,28.1775
2021-03-26 16:00:00,1616774400000,28.1798,28.8782,27.8266,28.0191,313303.91,28.0191
2021-03-26 20:00:00,1616788800000,28.0092,28.6181,27.683,28.2527,201353.57,28.2527
2021-03-27 00:00:00,1616803200000,28.2744,28.6667,27.7,28.0649,202878.11,28.0649
2021-03-27 04:00:00,1616817600000,28.0691,28.5896,27.8857,28.1437,188957.35,28.1437
2021-03-27 08:00:00,1616832000000,28.1534,28.5,27.4641,27.5199,295334.27,27.5199
2021-03-27 12:00:00,1616846400000,27.52,27.7,26.789,27.6339,411929.78,27.6339
2021-03-27 16:00:00,1616860800000,27.64,28.2789,27.6333,27.8464,299278.83,27.8464
2021-03-27 20:00:00,1616875200000,27.85,28.4952,27.5157,27.6225,266182.62,27.6225
2021-03-28 00:00:00,1616889600000,27.6226,29.1888,27.22,28.8622,306922.29,28.8622
2021-03-28 04:00:00,1616904000000,28.89,29.1,28.2857,28.9361,309678.77,28.9361
2021-03-28 08:00:00,1616918400000,28.9499,29.5578,28.4046,28.4852,401130.02,28.4852
2021-03-28 12:00:00,1616932800000,28.4894,29.3609,27.9986,29.16,448583.33,29.16
2021-03-28 16:00:00,1616947200000,29.1757,29.2445,27.5327,28.2647,464681.4,28.2647
2021-03-28 20:00:00,1616961600000,28.2497,28.76,27.8974,28.7167,218103.09,28.7167
2021-03-29 00:00:00,1616976000000,28.7392,29.4235,28.2,29.0723,247335.63,29.0723
2021-03-29 04:00:00,1616990400000,29.0759,29.535,28.6613,29.3783,265721.43,29.3783
2021-03-29 08:00:00,1617004800000,29.3783,30.3702,29.3697,29.9131,505095.62,29.9131
2021-03-29 12:00:00,1617019200000,29.92,30.3646,29.2,29.6641,379647.88,29.6641
2021-03-29 16:00:00,1617033600000,29.6975,30.15,29.35,29.4332,330580.3,29.4332
2021-03-29 20:00:00,1617048000000,29.45,29.8803,29.145,29.5,208247.6,29.5
2021-03-30 00:00:00,1617062400000,29.5,29.65,28.6023,29.4038,267402.81,29.4038
2021-03-30 04:00:00,1617076800000,29.4032,30.9802,29.0954,30.4521,425173.18,30.4521
2021-03-30 08:00:00,1617091200000,30.4521,30.8166,29.9963,30.3471,430961.08,30.3471
2021-03-30 12:00:00,1617105600000,30.332,30.3612,29.06,29.2695,389277.21,29.2695
2021-03-30 16:00:00,1617120000000,29.2761,29.8758,29.24,29.8458,214073.19,29.8458
2021-03-30 20:00:00,1617134400000,29.8362,29.899,29.2432,29.6009,189681.44,29.6009
2021-03-31 00:00:00,1617148800000,29.6009,29.9641,28.1769,28.5018,310107.38,28.5018
2021-03-31 04:00:00,1617163200000,28.4864,29.29,27.66,28.3185,272982.62,28.3185
2021-03-31 08:00:00,1617177600000,28.2957,28.3916,25.9,28.197,525228.68,28.197
2021-03-31 12:00:00,1617192000000,28.1689,28.9391,27.8,28.4861,272397.45,28.4861
2021-03-31 16:00:00,1617206400000,28.4863,28.6692,27.7159,28.0245,313813.77,28.0245
2021-03-31 20:00:00,1617220800000,28.0216,28.7573,27.8289,28.7218,296515.36,28.7218
2021-04-01 00:00:00,1617235200000,28.7217,29.2919,28.48,29.263,182425.78,29.263
2021-04-01 04:00:00,1617249600000,29.2631,29.373,28.3576,28.4768,196601.21,28.4768
2021-04-01 08:00:00,1617264000000,28.4769,29.12,27.886,28.0904,347097.51,28.0904
2021-04-01 12:00:00,1617278400000,28.0609,28.9274,27.9357,28.7485,247936.13,28.7485
2021-04-01 16:00:00,1617292800000,28.7613,28.9365,27.6921,28.5807,370053.94,28.5807
2021-04-01 20:00:00,1617307200000,28.5998,28.6964,27.95,28.2456,212539.18,28.2456
2021-04-02 00:00:00,1617321600000,28.2686,28.9,27.9429,28.9,196753.39,28.9
2021-04-02 04:00:00,1617336000000,28.8904,29.58,28.5001,29.35,281502.23,29.35
2021-04-02 08:00:00,1617350400000,29.35,29.5805,28.9324,29.2199,243599.45,29.2199
2021-04-02 12:00:00,1617364800000,29.2199,29.3878,28.45,29.2155,321757.38,29.2155
2021-04-02 16:00:00,1617379200000,29.1918,29.4113,28.35,28.617,252759.38,28.617
2021-04-02 20:00:00,1617393600000,28.61,29.1,28.4103,29.0353,206392.85,29.0353
2021-04-03 00:00:00,1617408000000,29.0137,30.43,29.0101,30.0841,495927.03,30.0841
2021-04-03 04:00:00,1617422400000,30.0861,32.8025,30.025,32.5929,856857.11,32.5929
2021-04-03 08:00:00,1617436800000,32.5983,32.8727,30.9252,31.9285,851164.73,31.9285
2021-04-03 12:00:00,1617451200000,31.9421,32.5675,30.312,30.3684,536603.86,30.3684
2021-04-03 16:00:00,1617465600000,30.3677,30.9494,28.596,29.9431,787370.34,29.9431
2021-04-03 20:00:00,1617480000000,29.9388,29.9388,27.8274,28.1787,483092.55,28.1787
2021-04-04 00:00:00,1617494400000,28.1709,29.3436,27.5607,29.25,309952.8,29.25
2021-04-04 04:00:00,1617508800000,29.2501,29.4181,28.4424,29.3985,189665.96,29.3985
2021-04-04 08:00:00,1617523200000,29.41,29.8372,28.7597,28.9775,294486.99,28.9775
2021-04-04 12:00:00,1617537600000,28.9709,29.9171,28.6793,29.0633,378906.63,29.0633
2021-04-04 16:00:00,1617552000000,29.054,29.8524,28.9485,29.2143,267115.14,29.2143
2021-04-04 20:00:00,1617566400000,29.2001,29.3993,28.97,29.1573,205315.47,29.1573
2021-04-05 00:00:00,1617580800000,29.174,30.5978,28.5455,30.0773,465271.46,30.0773
2021-04-05 04:00:00,1617595200000,30.0772,31.475,29.2158,30.6494,765304.0,30.6494
2021-04-05 08:00:00,1617609600000,30.6378,32.64,30.0,32.2991,779494.3,32.2991
2021-04-05 12:00:00,1617624000000,32.2978,33.0,31.5921,31.9744,943604.19,31.9744
2021-04-05 16:00:00,1617638400000,31.9615,32.4567,31.1,31.6448,606370.73,31.6448
2021-04-05 20:00:00,1617652800000,31.6311,32.4,30.9792,31.2559,354361.81,31.2559
2021-04-06 00:00:00,1617667200000,31.2913,33.8145,31.2817,33.1441,696269.53,33.1441
2021-04-06 04:00:00,1617681600000,33.1371,34.5578,32.8138,33.6819,768699.26,33.6819
2021-04-06 08:00:00,1617696000000,33.6989,34.26,32.7456,33.2246,619629.38,33.2246
2021-04-06 12:00:00,1617710400000,33.1983,33.7613,30.0,31.4566,912057.85,31.4566
2021-04-06 16:00:00,1617724800000,31.4566,32.5131,31.3123,31.78,477670.11,31.78
2021-04-06 20:00:00,1617739200000,31.7892,31.98,30.8155,31.4635,380617.08,31.4635
2021-04-07 00:00:00,1617753600000,31.4838,32.1883,30.66,31.4561,346865.54,31.4561
2021-04-07 04:00:00,1617768000000,31.4561,31.9597,30.5794,30.9275,378649.69,30.9275
2021-04-07 08:00:00,1617782400000,30.9047,34.15,28.6874,29.9116,1072520.85,29.9116
2021-04-07 12:00:00,1617796800000,29.8838,30.5297,28.825,29.6202,573348.29,29.6202
2021-04-07 16:00:00,1617811200000,29.6202,30.2804,28.6023,29.4094,431921.03,29.4094
2021-04-07 20:00:00,1617825600000,29.4095,30.25,28.9139,29.5068,223098.02,29.5068
2021-04-08 00:00:00,1617840000000,29.54,30.7953,29.2287,30.3775,209406.82,30.3775
2021-04-08 04:00:00,1617854400000,30.3792,31.0945,30.2575,31.0388,252585.32,31.0388
2021-04-08 08:00:00,1617868800000,31.0418,31.3626,29.8512,30.1387,344302.15,30.1387
2021-04-08 12:00:00,1617883200000,30.138,31.5,30.023,31.0939,302798.86,31.0939
2021-04-08 16:00:00,1617897600000,31.1,31.6137,30.5,30.6343,267569.91,30.6343
2021-04-08 20:00:00,1617912000000,30.6361,30.91,30.2,30.751,209247.35,30.751
2021-04-09 00:00:00,1617926400000,30.7475,31.1918,30.3031,30.4587,254454.36,30.4587
2021-04-09 04:00:00,1617940800000,30.4433,31.0686,30.36,30.8551,219285.43,30.8551
2021-04-09 08:00:00,1617955200000,30.85,31.46,30.45,31.0873,340610.11,31.0873
2021-04-09 12:00:00,1617969600000,31.0873,32.05,30.8581,31.2782,697037.01,31.2782
2021-04-09 16:00:00,1617984000000,31.262,31.9183,30.671,31.758,458831.72,31.758
2021-04-09 20:00:00,1617998400000,31.7873,32.482,31.2505,31.5178,441303.3,31.5178
2021-04-10 00:00:00,1618012800000,31.5178,33.5565,31.2877,33.2602,610888.38,33.2602
2021-04-10 04:00:00,1618027200000,33.25,33.97,32.6291,33.1785,642052.12,33.1785
2021-04-10 08:00:00,1618041600000,33.159,33.6782,32.7311,32.9589,426673.68,32.9589
2021-04-10 12:00:00,1618056000000,32.9589,33.2,32.0554,32.5002,513582.47,32.5002
2021-04-10 16:00:00,1618070400000,32.5142,33.6572,31.6628,31.9584,711744.98,31.9584
2021-04-10 20:00:00,1618084800000,31.9635,32.175,30.865,31.776,411961.79,31.776
2021-04-11 00:00:00,1618099200000,31.7628,32.202,31.4983,32.0154,211087.81,32.0154
2021-04-11 04:00:00,1618113600000,32.0335,32.07,31.0507,31.3072,228628.04,31.3072
2021-04-11 08:00:00,1618128000000,31.313,32.29,31.3072,31.5784,334862.88,31.5784
2021-04-11 12:00:00,1618142400000,31.5784,32.06,30.8928,31.9393,432933.52,31.9393
2021-04-11 16:00:00,1618156800000,31.933,32.33,31.2569,31.8114,369856.36,31.8114
2021-04-11 20:00:00,1618171200000,31.7837,32.1,31.3818,31.5976,240467.95,31.5976
2021-04-12 00:00:00,1618185600000,31.5853,32.8499,31.3,32.8303,362924.9,32.8303
2021-04-12 04:00:00,1618200000000,32.8303,33.3581,32.565,32.6319,530377.0,32.6319
2021-04-12 08:00:00,1618214400000,32.6313,32.9587,31.1,32.0659,519438.11,32.0659
2021-04-12 12:00:00,1618228800000,32.0547,32.198,31.3035,31.4488,464929.7,31.4488
2021-04-12 16:00:00,1618243200000,31.4488,34.8275,31.4,34.6,824435.87,34.6
2021-04-12 20:00:00,1618257600000,34.6145,35.6418,33.7347,33.8055,1346766.22,33.8055
2021-04-13 00:00:00,1618272000000,33.8125,34.888,33.55,33.7867,410041.47,33.7867
2021-04-13 04:00:00,1618286400000,33.7749,33.84,32.2001,32.5454,467742.59,32.5454
2021-04-13 08:00:00,1618300800000,32.5458,33.078,31.7,32.9075,659112.56,32.9075
2021-04-13 12:00:00,1618315200000,32.9075,33.4606,32.5101,33.0378,421428.18,33.0378
2021-04-13 16:00:00,1618329600000,33.0202,34.6397,32.4477,33.8271,838059.26,33.8271
2021-04-13 20:00:00,1618344000000,33.8534,34.1829,33.2091,33.6462,281340.36,33.6462
2021-04-14 00:00:00,1618358400000,33.6426,34.693,32.8907,34.4633,375531.6,34.4633
2021-04-14 04:00:00,1618372800000,34.4634,36.6945,34.0131,35.5524,975866.98,35.5524
2021-04-14 08:00:00,1618387200000,35.5522,36.1573,33.4117,35.4873,891743.75,35.4873
2021-04-14 12:00:00,1618401600000,35.4855,38.58,34.4758,37.1387,2617215.61,37.1387
2021-04-14 16:00:00,1618416000000,37.1338,39.2,36.0,37.3239,1963646.51,37.3239
2021-04-14 20:00:00,1618430400000,37.3437,39.45,36.7086,38.3391,786255.56,38.3391
2021-04-15 00:00:00,1618444800000,38.3892,40.759,37.9128,39.976,979821.83,39.976
2021-04-15 04:00:00,1618459200000,39.9707,39.9707,38.555,38.6154,736290.43,38.6154
2021-04-15 08:00:00,1618473600000,38.6081,39.1766,36.5008,37.0508,980622.41,37.0508
2021-04-15 12:00:00,1618488000000,37.025,38.2161,36.795,37.0489,797318.92,37.0489
2021-04-15 16:00:00,1618502400000,37.0492,37.4559,36.21,37.4026,684974.69,37.4026
2021-04-15 20:00:00,1618516800000,37.4013,38.2137,36.963,37.0174,561699.96,37.0174
2021-04-16 00:00:00,1618531200000,37.0256,37.4212,35.4912,36.2559,520764.17,36.2559
2021-04-16 04:00:00,1618545600000,36.2559,36.3851,35.0,36.02,540569.53,36.02
2021-04-16 08:00:00,1618560000000,36.0396,36.2,33.6,34.9218,637910.35,34.9218
2021-04-16 12:00:00,1618574400000,34.9218,35.4041,33.0618,35.1271,579717.53,35.1271
2021-04-16 16:00:00,1618588800000,35.1061,36.3012,34.3668,35.3652,585998.66,35.3652
2021-04-16 20:00:00,1618603200000,35.3846,37.5412,34.905,35.45,810650.56,35.45
2021-04-17 00:00:00,1618617600000,35.4383,36.6187,34.7369,36.6187,395442.16,36.6187
2021-04-17 04:00:00,1618632000000,36.6097,36.7483,35.738,36.0616,364538.23,36.0616
2021-04-17 08:00:00,1618646400000,36.0661,36.9062,34.653,35.2101,635896.97,35.2101
2021-04-17 12:00:00,1618660800000,35.2103,35.6192,34.1041,34.2864,444094.8,34.2864
2021-04-17 16:00:00,1618675200000,34.2697,35.0,33.51,34.5874,364529.41,34.5874
2021-04-17 20:00:00,1618689600000,34.5874,35.2273,33.8537,33.9342,242714.81,33.9342
2021-04-18 00:00:00,1618704000000,33.9673,34.3,22.5473,26.3578,1372095.51,26.3578
2021-04-18 04:00:00,1618718400000,26.4201,29.6983,25.4494,29.5356,1735907.01,29.5356
2021-04-18 08:00:00,1618732800000,29.562,29.7493,25.6,25.9867,1011124.11,25.9867
2021-04-18 12:00:00,1618747200000,25.9664,28.9938,25.956,28.8551,758248.76,28.8551
2021-04-18 16:00:00,1618761600000,28.8551,29.4288,28.0719,28.8392,459847.41,28.8392
2021-04-18 20:00:00,1618776000000,28.8392,29.6098,28.276,29.3348,534406.16,29.3348
2021-04-19 00:00:00,1618790400000,29.323,30.26,28.0,29.8716,510121.67,29.8716
2021-04-19 04:00:00,1618804800000,29.8712,30.5796,29.1891,30.1075,475424.61,30.1075
2021-04-19 08:00:00,1618819200000,30.112,30.2846,27.5002,28.65,484062.68,28.65
2021-04-19 12:00:00,1618833600000,28.65,28.6689,25.5472,25.8726,784496.64,25.8726
2021-04-19 16:00:00,1618848000000,25.9048,27.55,25.6757,27.2556,652729.84,27.2556
2021-04-19 20:00:00,1618862400000,27.256,27.7509,26.0,26.1827,349145.58,26.1827
2021-04-20 00:00:00,1618876800000,26.2029,26.389,23.8766,24.4635,466736.13,24.4635
2021-04-20 04:00:00,1618891200000,24.4495,25.8439,23.9793,24.8681,545570.2,24.8681
2021-04-20 08:00:00,1618905600000,24.8813,29.9752,24.7649,27.9128,728712.58,27.9128
2021-04-20 12:00:00,1618920000000,27.9303,27.9303,25.9092,26.5008,711114.65,26.5008
2021-04-20 16:00:00,1618934400000,26.5212,28.27,26.0725,28.1196,679518.57,28.1196
2021-04-20 20:00:00,1618948800000,28.16,28.3008,26.8837,27.4058,315534.82,27.4058
2021-04-21 00:00:00,1618963200000,27.4059,28.0235,26.5,26.9161,346047.6,26.9161
2021-04-21 04:00:00,1618977600000,26.9475,28.0,26.5827,27.1831,386532.07,27.1831
2021-04-21 08:00:00,1618992000000,27.1828,27.8585,26.0011,26.3133,444523.88,26.3133
2021-04-21 12:00:00,1619006400000,26.2998,28.0,26.0045,27.8807,398115.04,27.8807
2021-04-21 16:00:00,1619020800000,27.8853,28.4899,27.1313,28.0469,504778.43,28.0469
2021-04-21 20:00:00,1619035200000,28.0468,28.0544,25.75,25.8131,681860.43,25.8131
2021-04-22 00:00:00,1619049600000,25.8131,26.4631,25.1,25.2431,523368.37,25.2431
2021-04-22 04:00:00,1619064000000,25.25,26.6147,25.2181,26.3179,225483.05,26.3179
2021-04-22 08:00:00,1619078400000,26.327,27.0683,25.3333,27.0096,440458.7,27.0096
2021-04-22 12:00:00,1619092800000,27.0371,27.6502,26.73,27.1601,526155.92,27.1601
2021-04-22 16:00:00,1619107200000,27.1591,27.7519,25.3,25.6455,796927.98,25.6455
2021-04-22 20:00:00,1619121600000,25.6461,27.42,22.87,23.9703,961828.19,23.9703
2021-04-23 00:00:00,1619136000000,23.9692,24.6948,19.8,22.0625,1303999.69,22.0625
2021-04-23 04:00:00,1619150400000,22.0611,22.383,20.0,20.4174,1205869.18,20.4174
2021-04-23 08:00:00,1619164800000,20.4174,26.557,20.2345,23.5391,1025137.55,23.5391
2021-04-23 12:00:00,1619179200000,23.5728,23.8499,21.6114,23.1384,557160.89,23.1384
2021-04-23 16:00:00,1619193600000,23.1103,23.5,22.4697,23.4152,316674.16,23.4152
2021-04-23 20:00:00,1619208000000,23.3878,23.85,22.6145,23.5317,340293.72,23.5317
2021-04-24 00:00:00,1619222400000,23.55,23.7808,22.1688,23.7735,689884.12,23.7735
2021-04-24 04:00:00,1619236800000,23.7809,23.9381,22.8978,23.05,274005.97,23.05
2021-04-24 08:00:00,1619251200000,23.05,23.6077,21.3801,21.7882,440004.41,21.7882
2021-04-24 12:00:00,1619265600000,21.8088,22.5748,21.4884,22.4642,280005.42,22.4642
2021-04-24 16:00:00,1619280000000,22.4496,22.6998,21.9218,22.466,183809.57,22.466
2021-04-24 20:00:00,1619294400000,22.48,22.735,21.6,21.8523,363734.47,21.8523
2021-04-25 00:00:00,1619308800000,21.8429,22.5172,21.5954,21.6033,319668.47,21.6033
2021-04-25 04:00:00,1619323200000,21.5963,21.7153,21.5963,21.7131,929.83,21.7131
2021-04-25 08:00:00,1619337600000,21.7154,22.508,21.667,22.458,158499.007,22.458
2021-04-25 12:00:00,1619352000000,22.484,23.68,22.458,23.66,335136.83,23.66
2021-04-25 16:00:00,1619366400000,23.661,23.75,21.931,21.992,321273.881,21.992
2021-04-25 20:00:00,1619380800000,21.962,22.318,20.359,21.624,575503.117,21.624
2021-04-26 00:00:00,1619395200000,21.628,23.7,21.39,23.576,419124.963,23.576
2021-04-26 04:00:00,1619409600000,23.596,25.48,23.501,25.016,652058.828,25.016
2021-04-26 08:00:00,1619424000000,25.016,25.768,24.48,25.522,395643.992,25.522
2021-04-26 12:00:00,1619438400000,25.522,25.71,25.054,25.552,399574.164,25.552
2021-04-26 16:00:00,1619452800000,25.574,26.49,25.0,26.072,528119.677,26.072
2021-04-26 20:00:00,1619467200000,26.06,26.5,24.558,26.451,630735.026,26.451
2021-04-27 00:00:00,1619481600000,26.441,27.268,25.7,26.56,606393.922,26.56
2021-04-27 04:00:00,1619496000000,26.555,27.85,26.402,27.368,406106.508,27.368
2021-04-27 08:00:00,1619510400000,27.368,27.824,27.22,27.662,277863.648,27.662
2021-04-27 12:00:00,1619524800000,27.69,27.7,26.408,27.529,453672.919,27.529
2021-04-27 16:00:00,1619539200000,27.532,27.68,26.533,26.92,282656.171,26.92
2021-04-27 20:00:00,1619553600000,26.929,28.0,26.797,27.949,324056.88,27.949
2021-04-28 00:00:00,1619568000000,27.961,29.077,27.68,27.8,499284.614,27.8
2021-04-28 04:00:00,1619582400000,27.767,28.225,25.826,26.748,580338.732,26.748
2021-04-28 08:00:00,1619596800000,26.761,27.5,25.85,27.196,283696.205,27.196
2021-04-28 12:00:00,1619611200000,27.174,28.003,26.6,26.966,315930.52,26.966
2021-04-28 16:00:00,1619625600000,26.992,28.896,26.664,28.6,368158.597,28.6
2021-04-28 20:00:00,1619640000000,28.592,29.045,27.274,28.233,499426.276,28.233
2021-04-29 00:00:00,1619654400000,28.246,28.326,27.071,27.443,221007.593,27.443
2021-04-29 04:00:00,1619668800000,27.443,28.362,26.62,28.362,254875.03,28.362
2021-04-29 08:00:00,1619683200000,28.355,28.791,27.576,28.691,343891.363,28.691
2021-04-29 12:00:00,1619697600000,28.7,29.765,27.857,28.15,674372.548,28.15
2021-04-29 16:00:00,1619712000000,28.146,28.193,26.831,27.267,479471.537,27.267
2021-04-29 20:00:00,1619726400000,27.262,28.266,26.6,27.912,300811.653,27.912
2021-04-30 00:00:00,1619740800000,27.926,28.473,27.501,28.428,232848.776,28.428
2021-04-30 04:00:00,1619755200000,28.434,30.6496,28.278,30.151,724840.525,30.151
2021-04-30 08:00:00,1619769600000,30.167,30.884,29.81,30.277,584278.404,30.277
2021-04-30 12:00:00,1619784000000,30.282,31.768,30.25,31.076,686914.024,31.076
2021-04-30 16:00:00,1619798400000,31.08,32.9,31.074,32.268,731549.563,32.268
2021-04-30 20:00:00,1619812800000,32.279,33.0,31.562,32.8,407942.404,32.8
2021-05-01 00:00:00,1619827200000,32.819,34.618,32.357,34.338,713944.008,34.338
2021-05-01 04:00:00,1619841600000,34.371,35.68,33.219,33.446,956540.996,33.446
2021-05-01 08:00:00,1619856000000,33.446,34.648,32.521,34.633,637207.745,34.633
2021-05-01 12:00:00,1619870400000,34.645,34.677,32.6,32.976,471726.375,32.976
2021-05-01 16:00:00,1619884800000,32.976,33.379,32.542,32.547,373871.539,32.547
2021-05-01 20:00:00,1619899200000,32.547,32.785,31.722,31.805,436212.379,31.805
2021-05-02 00:00:00,1619913600000,31.815,32.459,30.811,30.811,422862.575,30.811
2021-05-02 04:00:00,1619928000000,30.811,31.729,30.383,31.427,586637.141,31.427
2021-05-02 08:00:00,1619942400000,31.416,32.449,30.8,32.223,357440.465,32.223
2021-05-02 12:00:00,1619956800000,32.225,32.451,31.45,31.763,243831.747,31.763
2021-05-02 16:00:00,1619971200000,31.763,32.352,31.552,32.15,222255.602,32.15
2021-05-02 20:00:00,1619985600000,32.15,32.681,30.87,31.28,344818.999,31.28
2021-05-03 00:00:00,1620000000000,31.262,32.852,31.16,32.824,253608.102,32.824
2021-05-03 04:00:00,1620014400000,32.851,32.961,32.305,32.8,216433.933,32.8
2021-05-03 08:00:00,1620028800000,32.825,34.55,30.697,32.991,1299245.667,32.991
2021-05-03 12:00:00,1620043200000,32.996,34.01,31.182,33.04,882327.95,33.04
2021-05-03 16:00:00,1620057600000,33.074,37.36,32.963,35.813,1880123.277,35.813
2021-05-03 20:00:00,1620072000000,35.832,36.349,34.343,35.871,865751.454,35.871
2021-05-04 00:00:00,1620086400000,35.885,36.194,32.0,33.2,968489.039,33.2
2021-05-04 04:00:00,1620100800000,33.191,34.853,32.96,33.4,475593.234,33.4
2021-05-04 08:00:00,1620115200000,33.382,34.842,32.598,34.406,591519.388,34.406
2021-05-04 12:00:00,1620129600000,34.375,34.497,29.723,30.41,1125977.2,30.41
2021-05-04 16:00:00,1620144000000,30.395,32.294,29.501,31.959,877272.69,31.959
2021-05-04 20:00:00,1620158400000,31.962,32.237,30.139,30.287,413371.686,30.287
2021-05-05 00:00:00,1620172800000,30.307,32.4,29.7,31.259,410696.571,31.259
2021-05-05 04:00:00,1620187200000,31.268,32.429,30.413,32.323,463392.989,32.323
2021-05-05 08:00:00,1620201600000,32.342,32.823,31.839,32.114,341068.167,32.114
2021-05-05 12:00:00,1620216000000,32.12,33.549,32.12,33.132,484904.347,33.132
2021-05-05 16:00:00,1620230400000,33.113,35.616,32.751,34.991,1086505.234,34.991
2021-05-05 20:00:00,1620244800000,34.985,35.5,33.994,35.258,503000.636,35.258
2021-05-06 00:00:00,1620259200000,35.225,36.773,34.676,34.993,609074.508,34.993
2021-05-06 04:00:00,1620273600000,34.992,38.338,34.887,37.279,1427120.69,37.279
2021-05-06 08:00:00,1620288000000,37.294,38.5,37.019,37.723,864844.074,37.723
2021-05-06 12:00:00,1620302400000,37.723,38.0,36.2,36.47,706306.511,36.47
2021-05-06 16:00:00,1620316800000,36.454,39.3,34.66,36.992,2005761.609,36.992
2021-05-06 20:00:00,1620331200000,36.964,38.45,36.082,38.003,582268.334,38.003
2021-05-07 00:00:00,1620345600000,38.002,39.45,35.969,37.107,913992.46,37.107
2021-05-07 04:00:00,1620360000000,37.069,39.94,36.884,39.595,926218.715,39.595
2021-05-07 08:00:00,1620374400000,39.583,43.0,38.462,42.125,1972559.419,42.125
2021-05-07 12:00:00,1620388800000,42.125,43.885,41.314,41.67,1249889.177,41.67
2021-05-07 16:00:00,1620403200000,41.667,42.15,39.252,39.766,957684.276,39.766
2021-05-07 20:00:00,1620417600000,39.759,40.559,36.588,37.875,782265.51,37.875
2021-05-08 00:00:00,1620432000000,37.852,39.008,37.384,38.995,435908.783,38.995
2021-05-08 04:00:00,1620446400000,38.983,38.993,37.157,38.41,330420.278,38.41
2021-05-08 08:00:00,1620460800000,38.448,38.7,37.397,38.388,371003.715,38.388
2021-05-08 12:00:00,1620475200000,38.388,39.844,37.17,37.509,646949.193,37.509
2021-05-08 16:00:00,1620489600000,37.523,39.5,37.492,39.356,426392.768,39.356
2021-05-08 20:00:00,1620504000000,39.336,39.549,38.278,38.399,282540.46,38.399
2021-05-09 00:00:00,1620518400000,38.399,38.789,36.802,37.038,336854.519,37.038
2021-05-09 04:00:00,1620532800000,37.053,37.515,35.017,36.483,611464.066,36.483
2021-05-09 08:00:00,1620547200000,36.484,37.635,36.484,36.9,294726.607,36.9
2021-05-09 12:00:00,1620561600000,36.948,37.26,35.467,37.047,391382.957,37.047
2021-05-09 16:00:00,1620576000000,37.044,38.4,36.754,37.698,416674.635,37.698
2021-05-09 20:00:00,1620590400000,37.698,39.5,37.65,38.969,352050.75,38.969
2021-05-10 00:00:00,1620604800000,38.988,39.566,38.517,38.983,354992.814,38.983
2021-05-10 04:00:00,1620619200000,39.02,41.8,38.793,40.864,601654.859,40.864
2021-05-10 08:00:00,1620633600000,40.841,41.174,38.089,38.774,646603.261,38.774
2021-05-10 12:00:00,1620648000000,38.774,39.247,37.02,38.4,510932.276,38.4
2021-05-10 16:00:00,1620662400000,38.4,38.487,32.2,33.405,826198.329,33.405
2021-05-10 20:00:00,1620676800000,33.384,35.5,29.69,34.652,1394236.549,34.652
2021-05-11 00:00:00,1620691200000,34.65,35.389,32.575,33.354,499341.882,33.354
2021-05-11 04:00:00,1620705600000,33.351,35.48,32.934,35.001,447639.527,35.001
2021-05-11 08:00:00,1620720000000,35.042,36.241,33.976,34.683,530051.432,34.683
2021-05-11 12:00:00,1620734400000,34.7,36.157,33.783,35.783,521766.097,35.783
2021-05-11 16:00:00,1620748800000,35.747,36.178,34.844,35.365,327838.974,35.365
2021-05-11 20:00:00,1620763200000,35.4,37.3,35.1,36.8,402839.692,36.8
2021-05-12 00:00:00,1620777600000,36.768,38.888,36.709,38.494,450739.079,38.494
2021-05-12 04:00:00,1620792000000,38.497,38.82,37.384,38.716,284261.417,38.716
2021-05-12 08:00:00,1620806400000,38.67,40.788,37.958,40.34,998861.764,40.34
2021-05-12 12:00:00,1620820800000,40.329,41.47,38.2,38.462,1296567.717,38.462
2021-05-12 16:00:00,1620835200000,38.432,38.678,35.81,37.694,1097202.931,37.694
2021-05-12 20:00:00,1620849600000,37.689,39.0,32.0,32.8,1384931.292,32.8
2021-05-13 00:00:00,1620864000000,32.872,36.35,30.739,35.591,970310.29,35.591
2021-05-13 04:00:00,1620878400000,35.585,37.17,35.501,36.541,407574.961,36.541
2021-05-13 08:00:00,1620892800000,36.585,36.89,32.05,33.92,1078220.798,33.92
2021-05-13 12:00:00,1620907200000,33.879,35.76,33.482,33.902,560400.826,33.902
2021-05-13 16:00:00,1620921600000,33.9,35.083,31.2,32.756,1074057.36,32.756
2021-05-13 20:00:00,1620936000000,32.793,35.196,32.55,35.075,508453.743,35.075
2021-05-14 00:00:00,1620950400000,35.036,35.5,33.603,34.118,397870.478,34.118
2021-05-14 04:00:00,1620964800000,34.118,35.103,33.276,35.095,294295.962,35.095
2021-05-14 08:00:00,1620979200000,35.103,36.844,34.685,36.143,448534.974,36.143
2021-05-14 12:00:00,1620993600000,36.185,37.481,35.2,37.186,456423.673,37.186
2021-05-14 16:00:00,1621008000000,37.22,38.0,35.738,35.92,453692.296,35.92
2021-05-14 20:00:00,1621022400000,35.923,37.531,34.708,36.999,480665.072,36.999
2021-05-15 00:00:00,1621036800000,36.993,37.92,35.903,37.299,440033.593,37.299
2021-05-15 04:00:00,1621051200000,37.28,38.75,35.7,35.755,655743.57,35.755
2021-05-15 08:00:00,1621065600000,35.746,38.0,34.43,37.19,900495.474,37.19
2021-05-15 12:00:00,1621080000000,37.198,39.99,36.603,38.608,1303138.032,38.608
2021-05-15 16:00:00,1621094400000,38.627,38.664,34.858,36.28,1124469.777,36.28
2021-05-15 20:00:00,1621108800000,36.276,36.89,34.031,34.439,560282.391,34.439
2021-05-16 00:00:00,1621123200000,34.464,35.975,34.141,35.768,403706.199,35.768
2021-05-16 04:00:00,1621137600000,35.773,37.417,35.423,37.038,446320.033,37.038
2021-05-16 08:00:00,1621152000000,37.091,39.1,36.793,37.338,725309.243,37.338
2021-05-16 12:00:00,1621166400000,37.33,39.7,36.673,37.05,1170421.268,37.05
2021-05-16 16:00:00,1621180800000,37.049,37.7,32.5,33.62,1419763.757,33.62
2021-05-16 20:00:00,1621195200000,33.62,36.6,32.624,36.6,1113142.699,36.6
2021-05-17 00:00:00,1621209600000,36.597,36.686,32.69,32.978,690764.951,32.978
2021-05-17 04:00:00,1621224000000,32.976,35.448,31.75,35.301,855333.284,35.301
2021-05-17 08:00:00,1621238400000,35.344,35.888,34.155,35.234,491298.915,35.234
2021-05-17 12:00:00,1621252800000,35.195,37.936,34.05,34.319,1317568.529,34.319
2021-05-17 16:00:00,1621267200000,34.311,35.39,32.577,34.944,899625.027,34.944
2021-05-17 20:00:00,1621281600000,34.93,35.5,32.849,33.67,507190.83,33.67
2021-05-18 00:00:00,1621296000000,33.684,36.0,33.268,35.966,416476.89,35.966
2021-05-18 04:00:00,1621310400000,35.938,37.644,35.865,36.89,534960.741,36.89
2021-05-18 08:00:00,1621324800000,36.858,37.7,35.994,37.18,595907.331,37.18
2021-05-18 12:00:00,1621339200000,37.186,37.32,33.932,34.796,962612.375,34.796
2021-05-18 16:00:00,1621353600000,34.822,36.558,34.357,36.148,657664.56,36.148
2021-05-18 20:00:00,1621368000000,36.114,37.2,35.538,36.875,525262.259,36.875
2021-05-19 00:00:00,1621382400000,36.907,38.535,34.123,34.4,1015594.218,34.4
2021-05-19 04:00:00,1621396800000,34.443,34.886,31.443,33.493,1184959.365,33.493
2021-05-19 08:00:00,1621411200000,33.452,33.639,25.229,28.371,1323298.161,28.371
2021-05-19 12:00:00,1621425600000,28.384,29.25,17.775,26.84,2422665.19,26.84
2021-05-19 16:00:00,1621440000000,26.689,29.363,24.659,26.816,1233962.817,26.816
2021-05-19 20:00:00,1621454400000,26.785,27.387,23.005,23.052,673724.261,23.052
2021-05-20 00:00:00,1621468800000,23.064,24.594,20.809,22.657,1298264.101,22.657
2021-05-20 04:00:00,1621483200000,22.661,26.608,22.523,25.933,643866.528,25.933
2021-05-20 08:00:00,1621497600000,25.959,26.31,24.155,25.773,642755.008,25.773
2021-05-20 12:00:00,1621512000000,25.739,28.2,25.272,26.937,683529.666,26.937
2021-05-20 16:00:00,1621526400000,26.937,26.975,23.895,26.024,704205.017,26.024
2021-05-20 20:00:00,1621540800000,26.049,26.794,24.607,25.086,695215.879,25.086
2021-05-21 00:00:00,1621555200000,25.042,26.712,25.01,25.409,337189.749,25.409
2021-05-21 04:00:00,1621569600000,25.38,25.541,24.01,24.407,494119.649,24.407
2021-05-21 08:00:00,1621584000000,24.407,25.414,23.7,24.788,351214.317,24.788
2021-05-21 12:00:00,1621598400000,24.791,25.195,21.4,21.649,1050644.448,21.649
2021-05-21 16:00:00,1621612800000,21.734,22.63,20.323,20.866,731214.983,20.866
2021-05-21 20:00:00,1621627200000,20.839,21.855,18.368,21.827,817008.188,21.827
2021-05-22 00:00:00,1621641600000,21.825,22.474,20.15,20.383,315650.53,20.383
2021-05-22 04:00:00,1621656000000,20.395,20.692,18.65,19.578,504869.363,19.578
2021-05-22 08:00:00,1621670400000,19.566,21.065,19.382,20.537,682953.938,20.537
2021-05-22 12:00:00,1621684800000,20.537,20.891,19.229,19.972,420858.11,19.972
2021-05-22 16:00:00,1621699200000,19.972,20.199,18.3,18.353,379739.478,18.353
2021-05-22 20:00:00,1621713600000,18.351,19.524,18.313,18.797,324846.952,18.797
2021-05-23 00:00:00,1621728000000,18.809,19.668,18.42,19.296,216607.981,19.296
2021-05-23 04:00:00,1621742400000,19.253,19.332,17.154,17.575,443288.721,17.575
2021-05-23 08:00:00,1621756800000,17.586,17.602,15.577,15.676,1214307.57,15.676
2021-05-23 12:00:00,1621771200000,15.689,15.852,13.28,13.719,1700970.604,13.719
2021-05-23 16:00:00,1621785600000,13.722,14.878,12.086,14.464,1237401.798,14.464
2021-05-23 20:00:00,1621800000000,14.488,16.195,14.464,15.606,651417.84,15.606
2021-05-24 00:00:00,1621814400000,15.603,16.35,15.229,15.745,386971.599,15.745
2021-05-24 04:00:00,1621828800000,15.763,18.0,15.034,17.949,788364.661,17.949
2021-05-24 08:00:00,1621843200000,17.949,18.11,16.671,17.979,826905.644,17.979
2021-05-24 12:00:00,1621857600000,17.98,18.687,17.4,18.453,624826.907,18.453
2021-05-24 16:00:00,1621872000000,18.442,20.0,17.446,19.895,996489.105,19.895
2021-05-24 20:00:00,1621886400000,19.895,20.5,18.749,19.395,737769.565,19.395
2021-05-25 00:00:00,1621900800000,19.395,20.243,17.9,18.438,557834.589,18.438
2021-05-25 04:00:00,1621915200000,18.429,19.943,17.904,19.519,361733.897,19.519
2021-05-25 08:00:00,1621929600000,19.5,19.741,17.001,17.309,625002.719,17.309
2021-05-25 12:00:00,1621944000000,17.318,19.276,17.205,19.211,513784.261,19.211
2021-05-25 16:00:00,1621958400000,19.182,19.359,17.886,18.059,388777.09,18.059
2021-05-25 20:00:00,1621972800000,18.083,19.94,18.039,19.446,431194.12,19.446
2021-05-26 00:00:00,1621987200000,19.431,20.574,19.0,20.468,413363.896,20.468
2021-05-26 04:00:00,1622001600000,20.496,21.446,20.012,21.312,627005.505,21.312
2021-05-26 08:00:00,1622016000000,21.303,21.453,20.371,20.899,441758.735,20.899
2021-05-26 12:00:00,1622030400000,20.911,21.3,19.178,19.52,782086.744,19.52
2021-05-26 16:00:00,1622044800000,19.534,19.983,18.918,19.393,480051.368,19.393
2021-05-26 20:00:00,1622059200000,19.404,20.897,19.236,20.797,357604.273,20.797
2021-05-27 00:00:00,1622073600000,20.794,21.198,18.717,19.284,402002.721,19.284
2021-05-27 04:00:00,1622088000000,19.284,20.05,18.843,19.671,196540.464,19.671
2021-05-27 08:00:00,1622102400000,19.666,20.423,19.3,20.197,304794.923,20.197
2021-05-27 12:00:00,1622116800000,20.238,20.583,19.75,19.946,441598.983,19.946
2021-05-27 16:00:00,1622131200000,19.95,20.033,19.2,19.544,279615.664,19.544
2021-05-27 20:00:00,1622145600000,19.534,19.59,18.8,19.118,254281.211,19.118
2021-05-28 00:00:00,1622160000000,19.133,19.568,18.452,19.49,216212.318,19.49
2021-05-28 04:00:00,1622174400000,19.49,19.499,17.25,17.958,504028.445,17.958
2021-05-28 08:00:00,1622188800000,17.928,18.127,16.1,16.354,633865.298,16.354
2021-05-28 12:00:00,1622203200000,16.333,17.93,16.194,17.684,324550.105,17.684
2021-05-28 16:00:00,1622217600000,17.671,17.691,16.807,17.274,214185.108,17.274
2021-05-28 20:00:00,1622232000000,17.274,17.599,16.015,16.727,426047.649,16.727
2021-05-29 00:00:00,1622246400000,16.727,17.405,16.671,17.179,140581.035,17.179
2021-05-29 04:00:00,1622260800000,17.155,17.592,16.505,16.795,158709.902,16.795
2021-05-29 08:00:00,1622275200000,16.787,16.994,16.04,16.687,205382.811,16.687
2021-05-29 12:00:00,1622289600000,16.66,16.679,15.407,15.675,294818.933,15.675
2021-05-29 16:00:00,1622304000000,15.688,16.075,15.169,15.621,279693.555,15.621
2021-05-29 20:00:00,1622318400000,15.639,16.306,15.35,16.168,181793.973,16.168
2021-05-30 00:00:00,1622332800000,16.194,16.261,15.101,16.15,151279.272,16.15
2021-05-30 04:00:00,1622347200000,16.174,17.15,16.059,17.096,211935.151,17.096
2021-05-30 08:00:00,1622361600000,17.124,17.468,16.866,17.376,231949.644,17.376
2021-05-30 12:00:00,1622376000000,17.398,17.451,16.454,16.73,191659.808,16.73
2021-05-30 16:00:00,1622390400000,16.767,17.25,16.598,17.022,153573.279,17.022
2021-05-30 20:00:00,1622404800000,17.0,17.15,16.384,16.518,193483.86,16.518
2021-05-31 00:00:00,1622419200000,16.504,16.866,15.671,16.04,183712.031,16.04
2021-05-31 04:00:00,1622433600000,16.024,17.244,15.789,17.081,197286.422,17.081
2021-05-31 08:00:00,1622448000000,17.068,17.831,16.908,17.653,320394.9,17.653
2021-05-31 12:00:00,1622462400000,17.649,17.896,17.021,17.821,280770.025,17.821
2021-05-31 16:00:00,1622476800000,17.828,18.198,17.36,17.556,227910.169,17.556
2021-05-31 20:00:00,1622491200000,17.562,18.175,17.471,18.14,147057.468,18.14
2021-06-01 00:00:00,1622505600000,18.153,18.583,17.73,17.836,207621.495,17.836
2021-06-01 04:00:00,1622520000000,17.804,18.531,17.68,17.903,184806.611,17.903
2021-06-01 08:00:00,1622534400000,17.906,18.015,17.066,17.888,260794.533,17.888
2021-06-01 12:00:00,1622548800000,17.872,18.208,17.187,17.544,280562.063,17.544
2021-06-01 16:00:00,1622563200000,17.555,17.841,17.321,17.406,133999.037,17.406
2021-06-01 20:00:00,1622577600000,17.402,17.925,17.334,17.748,127680.676,17.748
2021-06-02 00:00:00,1622592000000,17.748,17.949,17.145,17.827,120328.921,17.827
2021-06-02 04:00:00,1622606400000,17.827,18.05,17.561,17.914,136119.462,17.914
2021-06-02 08:00:00,1622620800000,17.926,18.332,17.812,18.17,326614.476,18.17
2021-06-02 12:00:00,1622635200000,18.18,19.419,18.169,19.24,639246.201,19.24
2021-06-02 16:00:00,1622649600000,19.24,19.321,18.678,19.041,286882.614,19.041
2021-06-02 20:00:00,1622664000000,19.046,19.082,18.373,18.687,187447.627,18.687
2021-06-03 00:00:00,1622678400000,18.686,19.32,18.219,19.224,270350.711,19.224
2021-06-03 04:00:00,1622692800000,19.233,20.184,19.188,19.959,356985.581,19.959
2021-06-03 08:00:00,1622707200000,19.949,20.7,19.908,20.023,353064.104,20.023
2021-06-03 12:00:00,1622721600000,20.049,20.3,19.328,19.472,290736.478,19.472
2021-06-03 16:00:00,1622736000000,19.474,20.278,19.39,19.621,272926.96,19.621
2021-06-03 20:00:00,1622750400000,19.627,20.563,19.607,20.268,210571.837,20.268
2021-06-04 00:00:00,1622764800000,20.247,20.55,18.386,19.107,532842.196,19.107
2021-06-04 04:00:00,1622779200000,19.106,19.22,17.41,17.956,454592.182,17.956
2021-06-04 08:00:00,1622793600000,17.962,18.245,17.66,17.914,229172.947,17.914
2021-06-04 12:00:00,1622808000000,17.904,18.393,17.45,18.279,276969.674,18.279
2021-06-04 16:00:00,1622822400000,18.264,18.998,18.17,18.4,217950.048,18.4
2021-06-04 20:00:00,1622836800000,18.4,18.745,17.952,18.243,133332.894,18.243
2021-06-05 00:00:00,1622851200000,18.236,19.07,18.095,18.638,200010.289,18.638
2021-06-05 04:00:00,1622865600000,18.641,19.142,18.633,18.733,236637.361,18.733
2021-06-05 08:00:00,1622880000000,18.736,19.112,17.615,17.789,349447.609,17.789
2021-06-05 12:00:00,1622894400000,17.788,18.105,17.467,18.1,326956.547,18.1
2021-06-05 16:00:00,1622908800000,18.108,18.108,17.452,17.47,107858.273,17.47
2021-06-05 20:00:00,1622923200000,17.469,17.86,16.86,17.23,336304.811,17.23
2021-06-06 00:00:00,1622937600000,17.233,17.75,17.161,17.655,82564.43,17.655
2021-06-06 04:00:00,1622952000000,17.655,17.946,17.407,17.77,92312.871,17.77
2021-06-06 08:00:00,1622966400000,17.777,18.0,17.573,17.658,112658.071,17.658
2021-06-06 12:00:00,1622980800000,17.67,17.979,17.298,17.686,138453.332,17.686
2021-06-06 16:00:00,1622995200000,17.678,17.944,17.438,17.488,111661.188,17.488
2021-06-06 20:00:00,1623009600000,17.475,17.827,17.09,17.383,209386.649,17.383
2021-06-07 00:00:00,1623024000000,17.38,18.053,17.087,17.45,538706.441,17.45
2021-06-07 04:00:00,1623038400000,17.45,17.579,17.2,17.429,344674.039,17.429
2021-06-07 08:00:00,1623052800000,17.433,17.528,16.84,17.319,679703.474,17.319
2021-06-07 12:00:00,1623067200000,17.327,17.636,17.1,17.266,281010.561,17.266
2021-06-07 16:00:00,1623081600000,17.259,17.355,16.514,16.8,415652.618,16.8
2021-06-07 20:00:00,1623096000000,16.794,16.864,15.304,15.536,586359.713,15.536
2021-06-08 00:00:00,1623110400000,15.533,16.048,14.325,14.8,536493.169,14.8
2021-06-08 04:00:00,1623124800000,14.792,15.352,14.59,14.998,483317.716,14.998
2021-06-08 08:00:00,1623139200000,14.997,15.351,14.791,15.141,361281.08,15.141
2021-06-08 12:00:00,1623153600000,15.141,15.364,13.639,14.256,517160.083,14.256
2021-06-08 16:00:00,1623168000000,14.246,14.871,14.17,14.851,381677.289,14.851
2021-06-08 20:00:00,1623182400000,14.856,15.16,14.619,14.792,342817.244,14.792
2021-06-09 00:00:00,1623196800000,14.803,14.88,13.806,13.903,397711.16,13.903
2021-06-09 04:00:00,1623211200000,13.903,15.21,13.65,14.801,476372.555,14.801
2021-06-09 08:00:00,1623225600000,14.807,14.988,14.387,14.96,359753.781,14.96
2021-06-09 12:00:00,1623240000000,14.971,15.62,14.509,15.533,624637.328,15.533
2021-06-09 16:00:00,1623254400000,15.545,15.765,14.85,15.075,450091.313,15.075
2021-06-09 20:00:00,1623268800000,15.099,15.4,14.846,15.4,198966.816,15.4
2021-06-10 00:00:00,1623283200000,15.403,15.578,14.608,14.627,413434.512,14.627
2021-06-10 04:00:00,1623297600000,14.626,14.8,14.288,14.703,520468.41,14.703
2021-06-10 08:00:00,1623312000000,14.7,14.942,14.208,14.618,455273.588,14.618
2021-06-10 12:00:00,1623326400000,14.623,14.727,14.081,14.239,410433.95,14.239
2021-06-10 16:00:00,1623340800000,14.23,14.433,13.876,13.98,391712.029,13.98
2021-06-10 20:00:00,1623355200000,13.987,14.336,13.73,14.193,214883.921,14.193
2021-06-11 00:00:00,1623369600000,14.193,14.452,13.656,13.911,302525.052,13.911
2021-06-11 04:00:00,1623384000000,13.907,14.154,13.521,13.862,291444.33,13.862
2021-06-11 08:00:00,1623398400000,13.86,14.604,13.833,14.415,404233.06,14.415
2021-06-11 12:00:00,1623412800000,14.414,14.616,13.867,13.961,384603.294,13.961
2021-06-11 16:00:00,1623427200000,13.979,14.069,13.64,13.843,241516.199,13.843
2021-06-11 20:00:00,1623441600000,13.842,14.013,13.14,13.408,360976.646,13.408
2021-06-12 00:00:00,1623456000000,13.423,13.428,12.638,13.101,396118.06,13.101
2021-06-12 04:00:00,1623470400000,13.08,13.428,12.8,13.319,259721.754,13.319
2021-06-12 08:00:00,1623484800000,13.303,14.0,12.8,13.295,391956.397,13.295
2021-06-12 12:00:00,1623499200000,13.302,13.642,13.125,13.198,257710.958,13.198
2021-06-12 16:00:00,1623513600000,13.181,13.7,13.133,13.435,153325.418,13.435
2021-06-12 20:00:00,1623528000000,13.437,13.924,13.434,13.545,262276.102,13.545
2021-06-13 00:00:00,1623542400000,13.551,13.912,13.258,13.27,196045.191,13.27
2021-06-13 04:00:00,1623556800000,13.262,13.577,13.241,13.505,136993.176,13.505
2021-06-13 08:00:00,1623571200000,13.491,14.049,13.317,14.017,382006.591,14.017
2021-06-13 12:00:00,1623585600000,14.017,14.261,13.701,14.06,387611.037,14.06
2021-06-13 16:00:00,1623600000000,14.06,14.64,14.01,14.4,447179.645,14.4
2021-06-13 20:00:00,1623614400000,14.409,14.999,14.409,14.761,355235.096,14.761
2021-06-14 00:00:00,1623628800000,14.762,15.0,14.431,14.564,196080.526,14.564
2021-06-14 04:00:00,1623643200000,14.569,15.199,14.446,14.796,260882.703,14.796
2021-06-14 08:00:00,1623657600000,14.791,14.801,14.371,14.595,286355.261,14.595
2021-06-14 12:00:00,1623672000000,14.595,15.301,14.455,15.288,395098.018,15.288
2021-06-14 16:00:00,1623686400000,15.288,15.419,14.701,14.85,439386.115,14.85
2021-06-14 20:00:00,1623700800000,14.85,15.14,14.739,15.113,175950.956,15.113
2021-06-15 00:00:00,1623715200000,15.111,15.229,14.932,15.068,139815.411,15.068
2021-06-15 04:00:00,1623729600000,15.063,15.632,15.005,15.324,263577.678,15.324
2021-06-15 08:00:00,1623744000000,15.33,15.415,14.824,15.038,317187.943,15.038
2021-06-15 12:00:00,1623758400000,15.037,15.285,14.641,14.782,307075.612,14.782
2021-06-15 16:00:00,1623772800000,14.782,15.323,14.761,14.8,396787.246,14.8
2021-06-15 20:00:00,1623787200000,14.8,14.966,14.581,14.714,194517.564,14.714
2021-06-16 00:00:00,1623801600000,14.715,14.752,14.285,14.524,238301.213,14.524
2021-06-16 04:00:00,1623816000000,14.535,14.951,14.486,14.672,257061.464,14.672
2021-06-16 08:00:00,1623830400000,14.675,14.881,14.106,14.16,309313.571,14.16
2021-06-16 12:00:00,1623844800000,14.157,14.448,14.078,14.26,279142.72,14.26
